id1,id2
0,4407
0,8365
0,15113
1,16720
1,16447
1,7147
2,18949
2,18028
2,16495
3,21424
3,4378
3,4377
4,14172
4,14048
4,1470
5,20932
5,10424
5,10422
6,13023
6,9015
6,3047
7,19193
7,17995
7,1303
8,19470
8,10248
8,349
9,10846
9,10052
9,2456
10,21365
10,20208
10,3494
11,12797
11,2830
11,2816
12,7686
12,5666
12,3691
13,12081
13,7532
13,1627
14,13616
14,1699
14,1698
15,17810
15,17364
15,4282
16,15183
16,15182
16,13230
17,21288
17,18816
17,18014
18,17423
18,10879
18,4881
19,17429
19,11239
19,6596
20,16837
20,2791
20,14080
21,12925
21,8915
21,7853
22,20961
22,17882
22,17391
23,19216
23,14262
23,11991
24,12804
24,10757
24,10384
25,13012
25,1035
25,1033
26,14406
26,4406
26,537
27,10473
27,9437
27,3982
28,19489
28,14112
28,13919
29,8071
29,8070
29,6031
30,15046
30,13118
30,11088
31,18620
31,16173
31,6573
32,21567
32,20124
32,17836
33,11683
33,5233
33,1117
34,6766
34,5118
34,3067
35,8092
35,7916
35,604
36,21331
36,8949
36,2991
37,14089
37,5601
37,5600
38,21628
38,19129
38,15683
39,10872
39,6882
39,955
40,20123
40,12795
40,2828
41,10814
41,10802
41,6816
42,11478
42,7477
42,172
43,20229
43,10344
43,45
44,8725
44,6691
44,6690
45,16163
45,11421
45,768
46,19337
46,18034
46,16500
47,18037
47,17556
47,9387
48,20273
48,10254
48,5920
49,10111
49,8096
49,6064
50,16936
50,16665
50,2013
51,5210
51,16399
51,16358
52,20998
52,8239
52,2257
53,17892
53,16598
53,9734
54,6572
54,2612
54,649
55,13865
55,12913
55,9191
56,21964
56,21636
56,9164
57,13302
57,12464
57,12060
58,21406
58,9328
58,5531
59,19658
59,7604
59,5585
60,18198
60,17380
60,606
61,11091
61,6043
61,907
62,19392
62,9668
62,3955
63,19627
63,12675
63,10911
64,18372
64,15314
64,8391
65,15087
65,11129
65,3882
66,9690
66,3670
66,3668
67,20417
67,14617
67,12696
67,10669
68,20446
68,12402
68,12207
69,21809
69,20427
69,14641
70,7758
70,13715
70,13714
71,14521
71,2619
71,643
72,11091
72,6846
72,6043
73,19782
73,6997
73,6528
74,12632
74,2656
74,2652
75,15132
75,12501
75,5909
76,21933
76,18637
76,14949
77,14635
77,6691
77,6690
78,12600
78,12347
78,3931
79,18495
79,18187
79,17238
80,17575
80,17375
80,6526
81,17194
81,16844
81,10884
82,21003
82,19407
82,7743
83,21620
83,15528
83,10151
83,2144
84,19377
84,9496
84,9262
85,9496
85,9489
85,9262
86,18822
86,11617
86,7610
87,15985
87,8061
87,2063
88,18980
88,7860
88,3269
89,14042
89,10105
89,2097
90,20646
90,10463
90,10462
91,17687
91,13412
91,6751
92,11014
92,4739
92,2689
93,8350
93,8348
93,2362
94,15993
94,13275
94,9051
95,20448
95,14920
95,1033
96,16092
96,15762
96,4755
97,21940
97,19575
97,15904
98,19327
98,13170
98,2775
99,6551
99,4520
99,635
100,17359
100,15195
100,15194
101,10615
101,6538
101,2593
102,21109
102,15063
102,11759
103,15985
103,8061
103,2063
104,20806
104,11791
104,5756
105,9877
105,1873
105,0
106,16126
106,9975
106,1499
107,12090
107,4082
107,2096
108,21709
108,14851
108,1311
109,21004
109,14743
109,124
110,17878
110,15568
110,9644
111,21789
111,19229
111,17369
112,13373
112,6691
112,6690
113,7686
113,5666
113,3691
114,19066
114,13239
114,9223
115,9747
115,9745
115,7026
116,19430
116,13967
116,9510
117,15292
117,7323
117,1338
118,18157
118,17041
118,16542
119,21976
119,20772
119,3290
120,14795
120,2907
120,923
121,20284
121,10286
121,2001
122,15661
122,3710
122,1749
123,14767
123,13869
123,818
124,10931
124,10929
124,8974
125,5419
125,5418
125,1477
126,21663
126,19808
126,1555
127,9708
127,6917
127,1760
128,20986
128,10640
128,2701
129,18649
129,10654
129,10595
129,8121
130,14783
130,9890
130,6836
131,5595
131,1642
131,1641
132,12839
132,12354
132,9649
133,18925
133,18758
133,4231
134,15708
134,3740
134,188
135,19358
135,7323
135,27
136,2577
136,2576
136,613
137,21120
137,19728
137,9866
138,19932
138,11468
138,9528
139,22036
139,21687
139,14161
140,13715
140,11757
140,11756
141,14545
141,4552
141,2644
142,15665
142,13685
142,5955
143,17825
143,17068
143,15424
144,12593
144,12589
144,7970
145,15891
145,4498
145,2593
146,20791
146,13423
146,12097
147,21192
147,10217
147,2244
148,18936
148,16398
148,16350
149,14852
149,14851
149,8939
150,19227
150,15128
150,4349
151,14577
151,6619
151,691
152,12797
152,6691
152,6690
153,11014
153,4739
153,2689
154,16442
154,14666
154,5824
155,9455
155,6536
155,3446
156,18881
156,11954
156,8214
157,17313
157,16501
157,16205
158,13089
158,13082
158,1087
159,20821
159,9709
159,5664
160,15420
160,14855
160,985
161,18248
161,17621
161,17286
161,17005
162,18349
162,18348
162,18055
163,20784
163,9824
163,123
164,20642
164,18937
164,10446
165,19755
165,12800
165,4732
166,19283
166,14680
166,12781
167,15437
167,11478
167,4099
168,12913
168,12345
168,5324
169,20035
169,17056
169,16364
170,8126
170,7438
170,4112
171,19334
171,6691
171,6690
172,21462
172,14392
172,7297
173,18771
173,11265
173,1249
174,13481
174,5479
174,1525
175,20939
175,6573
175,5431
176,14820
176,4855
176,951
177,14903
177,6960
177,1019
178,20725
178,19149
178,10843
179,14057
179,8545
179,6621
180,21041
180,20271
180,1928
181,12012
181,11744
181,3981
182,11396
182,7399
182,5362
183,15597
183,11424
183,3462
184,18620
184,5560
184,2959
185,13913
185,5930
185,4506
186,9936
186,1929
186,1928
187,14758
187,12862
187,8850
188,17020
188,10217
188,9978
188,2592
189,7007
189,6417
189,3337
190,6411
190,3750
190,1790
191,5169
191,1243
191,27
192,16315
192,11134
192,11131
193,19880
193,16315
193,15090
194,2939
194,6876
194,18691
195,18514
195,13143
195,3129
196,13373
196,4739
196,768
197,18601
197,16162
197,768
198,12797
198,6691
198,6690
199,5511
199,3535
199,3534
200,17886
200,16962
200,12521
201,13529
201,9572
201,6828
201,3554
202,6373
202,4353
202,2447
203,20015
203,18558
203,17234
204,17234
204,14346
204,2306
205,14518
205,10517
205,6570
206,22067
206,21560
206,10679
207,18002
207,16759
207,16449
208,12738
208,6711
208,6710
209,18713
209,12803
209,10972
210,9350
210,9087
210,1358
211,17684
211,6270
211,400
212,16120
212,11745
212,4579
213,21190
213,20018
213,7531
214,18601
214,10489
214,8788
215,10600
215,8641
215,6601
216,18752
216,12901
216,2091
217,9332
217,5274
217,984
218,13085
218,5046
218,5037
219,6667
219,6666
219,729
220,12996
220,2035
220,1904
221,16944
221,16624
221,1772
222,17534
222,5730
222,1354
223,5971
223,3863
223,414
224,21724
224,18577
224,12206
225,12627
225,6587
225,107
226,15314
226,14005
226,2943
227,20795
227,3523
227,1548
228,18020
228,17695
228,10391
229,13258
229,11249
229,3282
230,16042
230,16041
230,14051
231,13272
231,10436
231,6876
232,12221
232,8958
232,2990
233,8110
233,6075
233,1470
234,16574
234,16573
234,15248
235,21783
235,16182
235,12319
236,21948
236,6402
236,1597
237,20434
237,11149
237,11046
238,14451
238,12532
238,203
239,10617
239,10616
239,8656
240,20288
240,10166
240,6106
241,11137
241,7135
241,3839
242,11691
242,16745
242,10180
243,13747
243,11799
243,7799
244,14691
244,12785
244,9288
245,15231
245,11261
245,6015
246,19031
246,14867
246,13589
247,18804
247,14606
247,12171
248,11662
248,1690
248,1688
249,21092
249,18994
249,14146
250,21393
250,17576
250,2486
251,11613
251,7609
251,3316
252,9523
252,2422
252,460
253,13718
253,13717
253,7759
254,16007
254,3848
254,3662
255,14835
255,2964
255,961
256,12075
256,1365
256,970
257,13913
257,9990
257,5930
258,14154
258,10646
258,6642
259,10734
259,8771
259,1054
260,20837
260,19523
260,13745
261,21470
261,14378
261,5192
262,18152
262,16163
262,13175
262,5134
263,21694
263,14691
263,6744
264,19687
264,16640
264,6898
265,20891
265,3518
265,3516
266,14829
266,8908
266,2949
267,17965
267,11315
267,16259
268,20989
268,18440
268,7134
269,14288
269,11996
269,11037
270,10315
270,5966
270,3967
271,12307
271,11988
271,10308
272,22043
272,14259
272,3965
273,12803
273,12801
273,8239
274,13859
274,3933
274,68
275,21152
275,20623
275,17677
276,18991
276,15426
276,738
277,15099
277,4812
277,2738
278,19779
278,17184
278,16320
279,18896
279,10323
279,8374
280,16909
280,16597
280,5349
281,20258
281,7824
281,60
282,21380
282,19964
282,15687
283,9708
283,3820
283,1886
284,14575
284,14569
284,2675
285,12797
285,10749
285,8788
286,18626
286,13803
286,2240
287,19434
287,15885
287,3925
288,12116
288,6712
288,2632
289,18559
289,17744
289,16709
290,20220
290,15478
290,9554
291,15926
291,4181
291,2001
292,14489
292,12590
292,6535
292,4497
293,15229
293,9497
293,6850
294,19911
294,15485
294,11301
295,13910
295,12600
295,12589
296,20284
296,10286
296,3667
297,15653
297,3706
297,1733
298,15917
298,4683
298,3025
299,4644
299,4643
299,734
300,19334
300,16163
300,14691
301,16608
301,14707
301,6750
302,16807
302,16641
302,4461
303,19299
303,14841
303,12936
304,20180
304,19884
304,5127
305,15292
305,13308
305,5266
306,21886
306,8353
306,73
307,20906
307,10209
307,8203
308,12803
308,12802
308,8239
309,19291
309,12826
309,1040
310,15836
310,12779
310,798
311,17878
311,15568
311,9644
312,13299
312,13298
312,11285
313,21712
313,8870
313,3295
314,9124
314,8805
314,3158
315,13661
315,7705
315,1727
316,18775
316,6570
316,5232
317,9242
317,5550
317,1082
317,950
318,21762
318,20166
318,10402
319,21483
319,19634
319,13350
320,15247
320,10473
320,5431
321,14611
321,4629
321,4628
322,13913
322,9990
322,5930
323,15166
323,5174
323,1244
324,21543
324,19773
324,8519
325,6893
325,4876
325,4875
326,11440
326,1474
326,171
327,20123
327,12795
327,2828
328,20143
328,14369
328,14351
329,13293
329,7314
329,159
330,21371
330,13536
330,1599
331,13373
331,6690
331,768
332,19334
332,7686
332,768
333,16617
333,3710
333,1749
334,10661
334,6657
334,725
335,6664
335,6663
335,2721
336,20174
336,19065
336,7237
337,18357
337,11148
337,6115
338,13775
338,7942
338,1904
339,13560
339,11601
339,11599
340,18622
340,12267
340,363
341,8689
341,5380
341,2737
342,21065
342,9327
342,7323
343,19986
343,11855
343,9820
344,20879
344,6271
344,2010
345,21748
345,9839
345,8386
346,8305
346,8304
346,379
347,14458
347,10511
347,2555
348,19614
348,1189
348,1187
349,19691
349,15809
349,1904
350,9349
350,7942
350,1904
351,10048
351,10045
351,2552
352,17477
352,17173
352,16294
353,10729
353,10728
353,10727
353,8235
354,21296
354,16760
354,2013
355,18723
355,6850
355,4909
356,21591
356,8836
356,3882
357,20629
357,18632
357,2432
358,21637
358,18295
358,17347
359,13958
359,13808
359,8373
360,19150
360,11566
360,7558
361,18286
361,17436
361,297
362,19065
362,18769
362,155
363,18691
363,7131
363,2939
364,9532
364,9519
364,7503
365,18601
365,15693
365,768
366,21964
366,21636
366,15541
367,11421
367,6691
367,6690
367,768
368,18601
368,14443
368,12797
369,17846
369,16333
369,768
370,21042
370,15071
370,13846
371,20697
371,4629
371,725
372,8543
372,8437
372,2857
373,7119
373,6173
373,1900
374,6278
374,2346
374,428
375,9081
375,7054
375,5041
376,11351
376,9389
376,3374
377,14245
377,8328
377,8006
378,21690
378,16907
378,4201
379,20659
379,3933
379,68
380,16499
380,14555
380,667
381,20562
381,17623
381,320
382,2583
382,2579
382,1609
383,20130
383,10773
383,5177
384,9349
384,8701
384,2088
385,18965
385,13688
385,11729
386,20008
386,16017
386,4058
387,11120
387,3169
387,1160
388,19048
388,13136
388,3161
389,19893
389,19515
389,10543
390,11602
390,11588
390,1615
391,16932
391,9801
391,7162
392,12857
392,12366
392,5339
393,21590
393,19879
393,19049
394,17444
394,17139
394,15681
395,22043
395,10311
395,99
396,17848
396,9940
396,7144
397,14826
397,4860
397,4859
398,18047
398,17563
398,16514
399,4610
399,713
399,712
400,8725
400,6691
400,6690
401,19334
401,7686
401,5666
402,17886
402,16962
402,14444
403,16608
403,14707
403,820
404,18577
404,18575
404,17020
404,17018
405,15894
405,14495
405,9988
406,21288
406,19557
406,10878
407,17346
407,17345
407,17047
408,20225
408,3221
408,2183
409,17551
409,5774
409,5459
410,15299
410,9322
410,1341
411,20452
411,19599
411,19309
412,13139
412,7567
412,1192
413,16531
413,1677
413,284
414,9527
414,6762
414,1529
415,20385
415,17243
415,16503
416,19475
416,12289
416,4263
417,18507
417,18443
417,2819
418,11272
418,3296
418,1306
419,13252
419,7260
419,5215
420,14861
420,4903
420,4100
421,17564
421,17330
421,17315
422,16086
422,13582
422,6033
423,21896
423,4937
423,4010
424,8538
424,8535
424,8534
425,21878
425,19691
425,13261
426,19587
426,14868
426,4914
427,8561
427,6504
427,6503
428,10588
428,6990
428,4979
429,11237
429,7263
429,3273
430,16147
430,4193
430,4191
431,18464
431,14871
431,1492
432,12356
432,12352
432,438
433,12366
433,6324
433,5339
434,20211
434,16042
434,13420
435,15840
435,11134
435,7143
436,11808
436,10032
436,8395
437,21298
437,12332
437,2245
438,10344
438,9120
438,4296
439,21637
439,18295
439,17347
440,11421
440,6691
440,768
441,12714
441,6691
441,19334
442,21933
442,14949
442,7686
443,19334
443,6691
443,6690
444,21933
444,18601
444,10489
445,18198
445,17380
445,606
446,21189
446,16169
446,5774
447,13174
447,13173
447,9155
448,13174
448,13173
448,9155
449,20034
449,11980
449,2306
450,17346
450,17302
450,17048
451,21108
451,20035
451,20034
452,20707
452,18386
452,16645
453,12946
453,10899
453,4892
454,2985
454,1891
454,485
455,19347
455,17216
455,16355
455,16354
456,21792
456,8957
456,1980
457,8018
457,8017
457,2035
458,15293
458,15292
458,1337
459,11738
459,20827
459,7739
460,20337
460,10386
460,8646
461,18389
461,17769
461,7121
462,12785
462,9288
462,2821
463,11440
463,3459
463,171
464,14006
464,10075
464,3818
465,15278
465,15263
465,7304
466,17506
466,16910
466,16317
467,21605
467,18785
467,16403
468,20645
468,18940
468,8479
469,19558
469,19257
469,2720
470,15783
470,10874
470,2958
471,19389
471,11622
471,11283
472,15367
472,13371
472,5362
473,14744
473,6068
473,3860
474,18529
474,11175
474,1225
475,20392
475,12746
475,12745
476,10881
476,2717
476,1688
477,21046
477,19193
477,9145
478,20274
478,8154
478,4380
479,14557
479,12920
479,261
480,8295
480,376
480,374
481,14852
481,14851
481,8939
482,21789
482,19229
482,15132
483,9130
483,8707
483,1149
484,12803
484,12802
484,4736
485,18622
485,12267
485,363
486,19334
486,9288
486,820
487,19334
487,17381
487,16909
488,13373
488,9063
488,6691
488,6690
489,18601
489,10489
489,768
490,12536
490,10505
490,5529
491,19957
491,1744
491,1742
492,14430
492,12502
492,11917
493,12268
493,7825
493,15923
494,15939
494,6824
494,3970
495,13141
495,8804
495,2837
496,20374
496,4496
496,1978
497,18162
497,18161
497,3071
498,11605
498,5577
498,2091
499,18882
499,10112
499,4076
500,12544
500,8565
500,587
501,20503
501,11336
501,2841
502,20212
502,11435
502,5421
503,20588
503,19198
503,10206
504,5491
504,5489
504,3522
505,18716
505,8842
505,6803
506,21169
506,15706
506,3739
507,19705
507,15894
507,11953
508,16371
508,8125
508,289
509,19410
509,7770
509,1798
510,15321
510,3341
510,1360
511,16069
511,12119
511,4117
511,1392
512,9060
512,6766
512,3723
513,10570
513,2644
513,2642
514,19852
514,14877
514,6150
515,12701
515,6674
515,3049
516,13606
516,4922
516,1680
517,7407
517,7406
517,6065
518,16070
518,12120
518,2138
519,14264
519,8344
519,6271
520,19334
520,7686
520,768
521,14687
521,820
521,304
522,20776
522,18925
522,14014
523,9658
523,7630
523,3626
524,12778
524,9812
524,5425
525,14462
525,12568
525,4474
526,17855
526,6892
526,5591
527,4361
527,2146
527,485
528,21347
528,15198
528,76
529,19687
529,17879
529,6898
530,18531
530,18176
530,6615
531,19817
531,12693
531,8697
532,12464
532,8071
532,8070
533,21896
533,17305
533,4937
533,4010
534,6873
534,6872
534,2941
535,12757
535,10951
535,1699
536,21189
536,15737
536,8313
537,14670
537,12774
537,790
538,17174
538,10461
538,5430
539,11542
539,7076
539,1564
540,20202
540,9383
540,4137
541,9189
541,4924
541,1231
542,15021
542,13159
542,3174
543,10106
543,20785
543,3418
544,21494
544,15649
544,13664
545,11636
545,9656
545,7622
546,12699
546,12697
546,735
547,15267
547,15265
547,11276
547,9295
548,21359
548,15374
548,3414
549,21789
549,19336
549,12439
550,19539
550,10511
550,2555
551,18578
551,8315
551,8313
552,13373
552,9063
552,768
553,18198
553,17383
553,17380
553,16199
553,260
554,20542
554,12222
554,5665
555,19568
555,19009
555,18712
556,21901
556,10722
556,6721
557,13220
557,11931
557,6498
558,12735
558,5883
558,2763
559,21310
559,20713
559,17687
560,20114
560,6113
560,1684
561,20125
561,18152
561,8791
562,14882
562,7564
562,6585
563,18915
563,17683
563,17363
564,21533
564,17673
564,16487
565,20075
565,17962
565,15257
566,18275
566,16778
566,16626
567,14120
567,12173
567,2205
568,15946
568,3976
568,2035
569,14799
569,6718
569,763
570,19375
570,9470
570,5426
571,15299
571,13307
571,1341
572,4643
572,4642
572,734
573,17889
573,17558
573,16964
574,20580
574,16055
574,15457
575,5075
575,3867
575,1128
576,20429
576,18153
576,16598
577,21736
577,19367
577,9160
578,11389
578,11384
578,5365
579,15015
579,11054
579,1100
580,10401
580,6366
580,3505
581,17697
581,17380
581,606
582,12971
582,4985
582,2465
583,14422
583,14352
583,7895
584,8909
584,4868
584,965
585,19031
585,14867
585,13589
586,19937
586,9708
586,6928
587,14455
587,12543
587,8562
588,20108
588,18144
588,14898
589,20807
589,15495
589,1571
590,8725
590,6691
590,18637
591,10585
591,5594
591,5593
592,14421
592,4421
592,2521
593,7075
593,3077
593,390
594,20843
594,11307
594,7334
595,19445
595,14869
595,9156
596,12631
596,12627
596,107
597,22043
597,12305
597,8337
598,9658
598,7630
598,3626
599,19773
599,6457
599,556
600,12881
600,4691
600,2898
601,11705
601,18202
601,3705
602,18093
602,16344
602,1507
603,21731
603,19358
603,15224
604,15829
604,13834
604,5864
605,15693
605,6744
605,2822
606,15297
606,11293
606,5269
607,12797
607,6691
607,6690
608,19334
608,7686
608,5666
609,9469
609,6713
609,1469
610,15811
610,15809
610,1904
611,12403
611,10398
611,8429
611,467
612,4733
612,2829
612,2754
613,19807
613,16202
613,10608
614,22045
614,12327
614,11998
615,17519
615,11341
615,3365
616,21190
616,20018
616,7531
617,19540
617,4475
617,4474
618,22022
618,10042
618,8689
619,18256
619,7838
619,2355
620,20130
620,10773
620,983
621,13149
621,7212
621,3169
622,20145
622,16249
622,3160
623,14735
623,8820
623,2832
624,12056
624,4040
624,4039
625,21566
625,18443
625,2818
626,16608
626,14707
626,6750
627,20715
627,10489
627,4739
628,16360
628,7379
628,1040
629,15099
629,2739
629,2738
630,12819
630,12817
630,6771
631,21424
631,10447
631,4378
632,13149
632,7127
632,3169
633,18610
633,18609
633,14609
634,19840
634,6853
634,4829
635,7145
635,5793
635,1854
636,9151
636,8689
636,7158
637,15920
637,15919
637,3955
638,20333
638,19221
638,4329
639,12389
639,10128
639,7371
640,18863
640,17577
640,6286
641,15844
641,15119
641,9161
642,22021
642,18899
642,5279
643,9502
643,7480
643,270
644,12588
644,12347
644,9987
645,18666
645,6985
645,6760
646,12879
646,4822
646,1877
647,6401
647,10405
647,10404
648,14723
648,8812
648,4759
649,20785
649,16913
649,1427
650,8725
650,6691
650,6690
651,18444
651,820
651,304
652,7445
652,6708
652,4094
653,16333
653,820
653,304
654,14489
654,12592
654,4497
655,14266
655,12312
655,5293
656,10559
656,10558
656,2997
657,19655
657,8422
657,5380
658,21942
658,12878
658,10831
659,19083
659,15620
659,11303
660,19485
660,12386
660,4867
661,21639
661,8607
661,7976
662,20260
662,17258
662,17223
663,11137
663,9145
663,7135
664,16177
664,11618
664,5378
665,14691
665,12785
665,2821
666,14433
666,12514
666,2526
667,7079
667,6298
667,3198
668,13662
668,6397
668,4151
669,12490
669,8507
669,4415
670,15515
670,10527
670,8591
671,18863
671,16444
671,6286
672,14820
672,4855
672,951
673,19234
673,15182
673,6425
674,12277
674,8185
674,408
675,18212
675,17536
675,4663
676,20217
676,18581
676,17635
676,16455
677,17839
677,5837
677,990
678,20733
678,8962
678,2999
679,13325
679,5955
679,5339
680,19224
680,843
680,123
681,21112
681,20251
681,4619
682,19135
682,19134
682,18848
682,1822
683,10207
683,1855
683,1850
684,17573
684,17572
684,17143
685,10108
685,7458
685,3403
686,18994
686,18811
686,14146
687,20212
687,5427
687,5421
688,8839
688,4783
688,2872
689,19334
689,6691
689,6690
690,12896
690,10843
690,932
691,17947
691,17289
691,4426
692,18704
692,10885
692,10826
693,6629
693,2611
693,104
694,20006
694,3224
694,2043
695,14463
695,12569
695,9472
696,18044
696,16745
696,11691
697,17897
697,17562
697,7737
698,18248
698,17621
698,17286
699,14265
699,4283
699,3856
700,21811
700,2818
700,286
701,18601
701,14644
701,2754
702,21933
702,14949
702,11013
703,18759
703,17210
703,3907
704,18804
704,18206
704,5774
705,16537
705,16536
705,14798
706,14765
706,10806
706,8850
707,11829
707,11613
707,2576
708,13094
708,3128
708,1101
709,20455
709,1395
709,1096
710,10867
710,2945
710,951
711,7671
711,5659
711,1150
712,5427
712,5421
712,171
713,18892
713,17551
713,12277
714,20770
714,16478
714,15428
715,11900
715,7850
715,995
716,5898
716,4295
716,414
717,20296
717,20106
717,9132
718,14599
718,10643
718,8678
719,10404
719,9056
719,6401
720,19371
720,13398
720,1451
721,10189
721,5706
721,4164
722,12995
722,6459
722,3097
723,9675
723,1689
723,1687
724,21748
724,12452
724,10369
725,16800
725,16279
725,16277
726,19703
726,10508
726,4460
727,6691
727,6690
727,19334
728,11631
728,10175
728,10173
729,17886
729,16962
729,12521
730,18165
730,16333
730,820
731,12222
731,7686
731,5666
732,17567
732,16393
732,7755
733,7674
733,7653
733,1133
734,5991
734,2035
734,1904
735,19485
735,12386
735,4867
736,17761
736,16922
736,16258
737,21423
737,6759
737,4752
738,18411
738,18301
738,18197
739,18034
739,16500
739,11687
740,18012
740,17812
740,17808
740,16777
741,21618
741,11537
741,5512
742,8235
742,4711
742,4209
743,21243
743,16512
743,4620
744,18269
744,16162
744,15530
745,11811
745,11810
745,7077
746,17567
746,16180
746,13225
747,21540
747,19327
747,13170
748,20503
748,5315
748,3361
749,19296
749,15430
749,9276
750,21509
750,10530
750,5197
751,18994
751,14146
751,3527
752,7480
752,7075
752,390
753,21594
753,2146
753,1595
754,13478
754,11496
754,5474
755,17464
755,15790
755,11851
756,12557
756,11936
756,594
757,6330
757,2409
757,2407
758,16149
758,6168
758,4192
759,8381
759,4311
759,2384
760,5419
760,3466
760,1477
761,21777
761,19402
761,11704
762,19334
762,9288
762,768
763,9712
763,6691
763,6690
764,14784
764,2896
764,905
765,15415
765,7441
765,5410
766,16149
766,4192
766,2781
767,21413
767,20284
767,10286
768,10397
768,6360
768,4093
769,12403
769,10398
769,6362
770,20524
770,11223
770,1111
771,15481
771,9555
771,5517
772,20989
772,19557
772,18440
773,21288
773,15599
773,4320
774,14884
774,14883
774,6952
775,8422
775,6351
775,5380
776,16196
776,13713
776,6506
777,13261
777,2035
777,1904
778,20035
778,16388
778,11980
779,12574
779,7868
779,2462
780,15077
780,14278
780,1159
781,17483
781,16861
781,289
782,21987
782,17588
782,5390
783,21374
783,13698
783,3966
784,21196
784,12733
784,12212
785,14802
785,11364
785,10845
786,14691
786,12785
786,9288
787,21933
787,14949
787,11013
788,18156
788,14901
788,10944
789,9815
789,9018
789,4979
790,19691
790,13777
790,1904
791,16614
791,14352
791,7895
792,14765
792,10806
792,8850
793,12464
793,10077
793,6032
794,21380
794,15688
794,15687
795,21497
795,17056
795,3969
796,20625
796,12388
796,10384
796,2415
797,13808
797,12342
797,6508
798,6373
798,4237
798,357
799,18833
799,14010
799,1436
800,12465
800,12960
800,12959
801,13029
801,8931
801,1053
802,21560
802,20115
802,10680
803,14077
803,5559
803,4121
804,8290
804,6241
804,369
805,14294
805,8378
805,8377
806,21393
806,15090
806,5375
807,14673
807,10731
807,1054
808,14557
808,14556
808,12633
808,665
809,10290
809,8305
809,3960
810,11428
810,1480
810,1476
811,19486
811,18927
811,453
812,12030
812,5995
812,4005
813,19334
813,16333
813,9064
814,17184
814,16320
814,16316
815,17886
815,16962
815,14444
816,22045
816,12327
816,11998
817,21288
817,18440
817,4320
818,14845
818,2982
818,979
819,10176
819,10133
819,7729
820,7803
820,7079
820,6298
821,20068
821,10528
821,2571
822,21566
822,18443
822,2818
823,18601
823,10489
823,8788
824,6477
824,6476
824,4432
825,9789
825,8805
825,5880
826,9254
826,5079
826,4954
827,5798
827,5070
827,4123
828,10887
828,4885
828,2976
829,13530
829,8897
829,938
830,21361
830,17243
830,16503
831,5439
831,960
831,657
832,19556
832,14586
832,4597
833,22021
833,21629
833,18899
834,9822
834,1956
834,536
835,8304
835,3609
835,43
836,21563
836,8739
836,8737
837,21406
837,17840
837,16610
838,8687
838,6639
838,715
839,5012
839,8931
839,3103
840,21862
840,21161
840,16063
841,9519
841,7503
841,2134
842,19334
842,18444
842,9064
843,10385
843,9425
843,2048
844,12222
844,7686
844,5666
844,3691
845,9497
845,6634
845,5529
846,10397
846,6360
846,4093
847,20989
847,18014
847,4765
848,19704
848,3153
848,602
849,17657
849,17122
849,3918
850,18517
850,8443
850,484
851,18129
851,14245
851,12312
852,21811
852,14680
852,12781
853,7686
853,2825
853,768
854,14358
854,8929
854,8445
855,12122
855,11142
855,7163
856,17184
856,16320
856,16318
857,15327
857,7347
857,1368
858,12660
858,12655
858,2681
859,20427
859,18155
859,16601
860,15641
860,5673
860,2258
861,21405
861,15854
861,11942
862,21118
862,5782
862,1845
863,12098
863,6464
863,6340
864,11894
864,7113
864,5880
865,9062
865,6134
865,1080
866,5865
866,1431
866,497
867,12366
867,7997
867,5339
868,11954
868,6710
868,6709
869,10114
869,6068
869,2102
870,6401
870,20679
870,1218
871,20288
871,15997
871,8015
872,21602
872,19909
872,15268
873,19452
873,9388
873,5577
874,19662
874,18827
874,5644
875,13933
875,4226
875,3948
876,21363
876,7475
876,7472
877,9960
877,6443
877,538
878,9557
878,2471
878,998
879,15661
879,3710
879,1749
880,13969
880,5986
880,3982
881,14271
881,11852
881,10698
882,13082
882,5043
882,1087
883,6200
883,4947
883,3063
884,17167
884,16489
884,642
885,20623
885,17066
885,10037
886,21933
886,14949
886,11013
887,19779
887,17381
887,16909
888,11440
888,3470
888,1477
889,8763
889,2790
889,14169
890,20491
890,19075
890,1706
891,3545
891,2166
891,1646
892,21096
892,15630
892,1716
893,11620
893,11610
893,7594
894,21393
894,4105
894,2202
895,12463
895,8480
895,2492
896,15545
896,7304
896,5243
896,1632
897,15447
897,9515
897,1520
898,15335
898,11343
898,9385
899,15261
899,14710
899,13243
900,20993
900,14887
900,8970
901,21814
901,8816
901,6777
902,18997
902,18250
902,6661
903,16989
903,7569
903,1604
904,15843
904,9945
904,3885
905,21575
905,20778
905,19636
906,11429
906,3469
906,3463
907,13994
907,11799
907,1831
908,13023
908,9015
908,3047
909,19227
909,15128
909,4349
910,13405
910,2485
910,922
911,19024
911,10856
911,2923
912,21109
912,15063
912,2211
913,13518
913,2897
913,907
914,19560
914,8725
914,6691
914,6690
915,18622
915,12267
915,363
916,8910
916,8646
916,960
917,17317
917,17038
917,16731
918,14122
918,8099
918,2103
919,18650
919,17371
919,6898
920,13235
920,3250
920,3246
921,21915
921,20935
921,20638
922,13506
922,5515
922,1561
923,16729
923,16093
923,11668
924,10244
924,2316
924,387
925,21876
925,21757
925,7796
926,17947
926,8142
926,4426
927,11491
927,7489
927,2667
928,19902
928,18173
928,17570
929,8071
929,8070
929,6032
930,10968
930,8674
930,190
931,12483
931,6451
931,6450
932,17184
932,16320
932,16316
933,14112
933,12323
933,11491
934,13148
934,11120
934,7128
935,18856
935,14800
935,6058
936,15985
936,14004
936,11261
937,19775
937,14460
937,8409
938,15252
938,11268
938,9286
939,13584
939,13582
939,3615
940,21204
940,18283
940,17035
941,15836
941,12221
941,2805
942,15034
942,13109
942,1699
943,11353
943,9149
943,2091
944,14177
944,14176
944,8245
945,18727
945,3103
945,3051
946,7788
946,6965
946,8
947,13423
947,9460
947,171
948,15127
948,9163
948,7185
949,9368
949,7361
949,7346
950,19173
950,15942
950,2018
951,8725
951,6691
951,6690
952,9712
952,6691
952,6690
953,11509
953,9481
953,1530
954,9677
954,3651
954,1458
955,21901
955,15374
955,4702
956,12025
956,5990
956,4123
957,18111
957,16202
957,10608
958,17452
958,16442
958,5824
959,8017
959,5974
959,2035
960,15247
960,13888
960,10473
961,14317
961,4331
961,2413
962,20166
962,18433
962,15025
963,17952
963,16383
963,2606
964,20752
964,18881
964,11954
965,14673
965,8775
965,2807
966,14224
966,10290
966,373
967,17203
967,16598
967,13427
967,9734
968,19351
968,15235
968,15233
969,18295
969,17347
969,21637
970,20732
970,14867
970,6930
971,13426
971,11431
971,1464
972,21901
972,2777
972,2773
972,622
973,21568
973,19570
973,10767
974,19753
974,10336
974,8395
975,13422
975,13414
975,11438
976,6255
976,13379
976,264
977,2365
977,2363
977,409
978,17549
978,17238
978,17234
979,11538
979,9553
979,5512
980,8725
980,6691
980,16909
981,9288
981,5666
981,3691
982,13423
982,9470
982,5426
983,18364
983,17192
983,16254
984,21866
984,18913
984,12206
985,18577
985,16599
985,10217
985,9978
986,6669
986,4643
986,4642
987,18130
987,17504
987,2812
988,7032
988,3710
988,1749
989,21296
989,12318
989,2358
990,18425
990,16760
990,2013
991,18129
991,14245
991,12312
992,10985
992,6556
992,4947
993,14690
993,10746
993,4739
994,11272
994,3296
994,1306
995,21289
995,7357
995,1900
996,8736
996,8735
996,2750
997,18938
997,5357
997,4379
998,16461
998,13255
998,3277
999,14882
999,4923
999,161
1000,14314
1000,8404
1000,6329
1001,8678
1001,6644
1001,6638
1002,21878
1002,13775
1002,2092
1003,10151
1003,9588
1003,7562
1004,19605
1004,11073
1004,1109
1005,21712
1005,18726
1005,8774
1006,22011
1006,4840
1006,2370
1007,19065
1007,11116
1007,7733
1008,21189
1008,16169
1008,3400
1009,12644
1009,10601
1009,780
1010,21033
1010,15003
1010,5034
1011,13413
1011,5410
1011,3461
1012,13717
1012,11757
1012,5724
1013,14082
1013,4755
1013,3816
1014,13064
1014,7028
1014,1079
1015,17653
1015,10877
1015,4881
1016,18558
1016,18557
1016,17238
1017,12416
1017,12123
1017,7506
1018,21013
1018,14422
1018,6101
1019,21242
1019,18881
1019,16801
1020,14066
1020,12548
1020,367
1021,16084
1021,12138
1021,5986
1022,14015
1022,12116
1022,2632
1023,21813
1023,20998
1023,2257
1024,19272
1024,18694
1024,12674
1025,3807
1025,3805
1025,63
1026,12056
1026,4040
1026,2068
1027,20624
1027,7807
1027,970
1028,18409
1028,16177
1028,5378
1029,17466
1029,17160
1029,16791
1030,14518
1030,10555
1030,5936
1031,15855
1031,13438
1031,2186
1032,14224
1032,10290
1032,383
1033,19609
1033,9120
1033,5402
1034,21838
1034,19879
1034,1473
1035,21947
1035,7788
1035,7
1036,5859
1036,10880
1036,4201
1037,14113
1037,12168
1037,12044
1038,19035
1038,10981
1038,10434
1038,2475
1039,16088
1039,15571
1039,7627
1040,3381
1040,5345
1040,1402
1041,18601
1041,16162
1041,768
1042,21933
1042,14949
1042,9064
1043,8725
1043,6691
1043,6690
1044,19853
1044,4929
1044,3009
1045,16769
1045,1460
1045,171
1046,21657
1046,10531
1046,6112
1046,740
1047,19670
1047,10193
1047,4579
1048,21010
1048,4830
1048,931
1049,18881
1049,16084
1049,11954
1050,17954
1050,15821
1050,13078
1051,16388
1051,16364
1051,16110
1052,17504
1052,12782
1052,8426
1053,12900
1053,3990
1053,1878
1054,19691
1054,15809
1054,1904
1055,14077
1055,5550
1055,4122
1056,20288
1056,8015
1056,7392
1057,18582
1057,16735
1057,16001
1058,17204
1058,4211
1058,2261
1058,1986
1059,13602
1059,10073
1059,6227
1060,18152
1060,8791
1060,6743
1061,21933
1061,14949
1061,11013
1062,14644
1062,10754
1062,2754
1063,5082
1063,3145
1063,18
1064,21924
1064,13897
1064,5923
1065,10600
1065,10599
1065,2668
1066,11982
1066,8297
1066,374
1067,16910
1067,16317
1067,9064
1068,17392
1068,10612
1068,49
1069,15619
1069,5096
1069,3156
1070,18620
1070,5560
1070,2959
1071,16126
1071,14131
1071,9792
1072,10447
1072,9383
1072,425
1073,2522
1073,552
1073,550
1074,20740
1074,19037
1074,3166
1075,21431
1075,10578
1075,8632
1076,21787
1076,10846
1076,8411
1077,11884
1077,9088
1077,1099
1078,8725
1078,6691
1078,6690
1079,19334
1079,16333
1079,768
1080,14454
1080,8560
1080,4454
1081,21587
1081,5076
1081,3143
1082,21167
1082,11980
1082,2306
1083,20644
1083,12456
1083,12455
1084,15025
1084,13827
1084,4241
1084,2081
1085,17878
1085,15568
1085,9644
1086,17900
1086,16653
1086,11742
1087,10811
1087,5803
1087,5672
1088,18584
1088,17639
1088,16129
1089,18955
1089,9986
1089,2590
1090,17550
1090,16634
1090,5528
1091,19597
1091,10988
1091,7000
1092,13747
1092,3778
1092,1831
1093,17690
1093,16869
1093,5462
1094,10898
1094,21229
1094,18069
1095,12674
1095,2707
1095,2702
1096,16086
1096,12464
1096,2632
1097,20281
1097,6216
1097,6215
1098,16120
1098,11745
1098,4579
1099,19404
1099,13691
1099,7727
1100,21748
1100,20912
1100,19760
1101,21878
1101,19691
1101,13261
1102,12925
1102,7853
1102,966
1103,5799
1103,4364
1103,833
1104,15343
1104,15342
1104,1397
1105,12664
1105,8089
1105,4162
1106,13782
1106,8828
1106,8827
1107,12700
1107,10849
1107,743
1108,10672
1108,10664
1108,2723
1109,9390
1109,8091
1109,6056
1110,21648
1110,13636
1110,10922
1111,21796
1111,10807
1111,6397
1112,19019
1112,10800
1112,6811
1113,12316
1113,8327
1113,4277
1114,15805
1114,11862
1114,7865
1115,13373
1115,6691
1115,6690
1116,18198
1116,17383
1116,17380
1116,16199
1117,17314
1117,16741
1117,16205
1118,16615
1118,10768
1118,1339
1119,11441
1119,9465
1119,3471
1120,18130
1120,17504
1120,15402
1121,14109
1121,11696
1121,9717
1122,20935
1122,20159
1122,11019
1123,21640
1123,18301
1123,17358
1124,20241
1124,15647
1124,7127
1125,12249
1125,8267
1125,354
1126,14451
1126,4451
1126,203
1127,18215
1127,16936
1127,16358
1128,19199
1128,17306
1128,16938
1129,10606
1129,10605
1129,8643
1130,21242
1130,21144
1130,16801
1131,11691
1131,10180
1131,16745
1132,18152
1132,8791
1132,6743
1133,21935
1133,14690
1133,10754
1134,8789
1134,6754
1134,6753
1135,10869
1135,6998
1135,4739
1136,17383
1136,16963
1136,16199
1137,10485
1137,8536
1137,4429
1138,11034
1138,9085
1138,15
1139,19691
1139,2035
1139,1904
1140,14171
1140,9097
1140,5065
1141,9253
1141,3276
1141,1284
1142,20463
1142,14277
1142,3065
1143,3611
1143,1641
1143,1640
1144,19423
1144,4700
1144,15608
1145,4787
1145,2872
1145,2867
1146,19279
1146,5612
1146,2470
1147,17082
1147,16813
1147,16211
1148,19538
1148,17996
1148,16756
1149,13398
1149,9531
1149,9481
1150,13130
1150,11340
1150,11097
1151,18330
1151,17082
1151,16813
1152,20708
1152,8742
1152,2763
1153,13245
1153,9237
1153,7242
1154,21348
1154,11490
1154,7259
1155,10921
1155,10865
1155,4919
1156,19229
1156,7185
1156,1205
1157,9388
1157,7609
1157,5577
1158,8725
1158,6691
1158,6690
1159,15034
1159,13109
1159,1699
1160,17886
1160,16962
1160,12521
1161,14691
1161,7686
1161,5666
1162,17390
1162,16958
1162,16809
1163,6862
1163,6861
1163,938
1164,18130
1164,17504
1164,15402
1165,22003
1165,7694
1165,3695
1166,11206
1166,7942
1166,1904
1167,8422
1167,6351
1167,5380
1168,8304
1168,3960
1168,379
1169,21065
1169,15293
1169,15292
1170,12137
1170,10163
1170,4128
1171,7248
1171,21251
1171,16356
1172,21222
1172,16301
1172,254
1173,21359
1173,15374
1173,63
1174,15938
1174,12311
1174,399
1175,19245
1175,16387
1175,14077
1176,9432
1176,4438
1176,16382
1177,20811
1177,18443
1177,17687
1178,20125
1178,18153
1178,820
1179,17238
1179,17235
1179,17234
1180,15734
1180,3939
1180,3936
1181,17146
1181,16875
1181,16566
1182,10803
1182,10801
1182,3736
1183,11288
1183,11287
1183,1332
1184,6961
1184,6960
1184,1019
1185,21832
1185,11039
1185,11033
1186,21503
1186,16092
1186,13771
1187,21994
1187,5479
1187,1525
1188,9143
1188,9142
1188,1177
1189,14645
1189,6701
1189,2759
1190,21563
1190,10706
1190,8739
1191,21530
1191,18995
1191,2481
1192,18793
1192,15326
1192,5308
1193,17864
1193,5592
1193,4493
1194,14916
1194,4947
1194,1342
1195,13380
1195,11396
1195,5364
1196,10902
1196,9473
1196,775
1197,8883
1197,4814
1197,908
1198,14823
1198,6884
1198,6883
1199,14171
1199,8027
1199,2256
1200,19354
1200,3307
1200,159
1201,18691
1201,8128
1201,2939
1202,13910
1202,8601
1202,4496
1203,8725
1203,6691
1203,6690
1204,18601
1204,11421
1204,768
1205,16169
1205,10835
1205,8313
1206,21887
1206,20035
1206,17056
1207,17879
1207,17371
1207,6898
1208,18170
1208,16935
1208,3254
1209,16101
1209,14109
1209,9717
1210,15279
1210,10076
1210,1324
1211,20840
1211,17850
1211,16462
1212,21478
1212,20339
1212,1317
1213,18711
1213,18130
1213,17504
1214,13803
1214,10192
1214,2240
1215,17475
1215,5370
1215,2718
1216,14422
1216,14352
1216,7895
1217,5250
1217,5249
1217,1319
1218,13309
1218,5268
1218,5267
1219,14406
1219,4406
1219,537
1220,9708
1220,3689
1220,1714
1221,4225
1221,3982
1221,3820
1222,14849
1222,1358
1222,1081
1223,12116
1223,2632
1223,2025
1224,12464
1224,8070
1224,6031
1225,12464
1225,8071
1225,2074
1226,13482
1226,11499
1226,5477
1227,5479
1227,3510
1227,1525
1228,13482
1228,11499
1228,5477
1229,10854
1229,5842
1229,2943
1230,12719
1230,4668
1230,4667
1231,8062
1231,4755
1231,4036
1232,22057
1232,2594
1232,621
1233,18428
1233,12407
1233,5378
1234,14354
1234,11748
1234,5888
1235,14157
1235,4192
1235,2781
1236,7615
1236,4885
1236,3618
1237,21547
1237,9022
1237,6974
1238,10672
1238,8704
1238,735
1239,19677
1239,15533
1239,177
1240,19193
1240,9743
1240,1303
1241,18558
1241,18557
1241,17234
1242,8451
1242,5067
1242,2465
1243,21694
1243,16608
1243,14707
1244,20609
1244,14213
1244,10288
1245,21743
1245,11538
1245,9553
1246,21594
1246,17191
1246,7944
1247,19369
1247,14077
1247,1358
1248,17354
1248,16894
1248,16298
1249,12909
1249,6922
1249,2931
1250,11630
1250,9649
1250,1654
1251,19234
1251,2073
1251,87
1252,11617
1252,10165
1252,7610
1253,18559
1253,16709
1253,15510
1254,21093
1254,18038
1254,17392
1255,6536
1255,2589
1255,620
1256,20411
1256,10616
1256,6606
1257,17837
1257,14687
1257,13427
1258,21936
1258,14691
1258,9288
1259,9027
1259,6173
1259,5986
1260,20314
1260,10622
1260,8653
1261,14198
1261,8266
1261,4230
1262,20118
1262,12734
1262,2762
1263,22051
1263,21792
1263,20938
1263,12459
1263,7900
1264,12899
1264,2910
1264,2313
1265,15146
1265,10451
1265,6412
1266,19210
1266,12250
1266,4232
1267,17204
1267,15908
1267,1986
1268,9812
1268,8472
1268,4380
1269,21544
1269,18322
1269,18029
1270,9305
1270,9302
1270,7313
1271,19909
1271,13293
1271,11280
1272,19840
1272,15903
1272,8153
1273,8725
1273,19560
1273,6691
1273,16909
1274,20542
1274,7686
1274,5665
1275,12789
1275,10747
1275,6749
1276,6024
1276,4040
1276,2066
1277,1881
1277,1880
1277,939
1278,22043
1278,17049
1278,10306
1279,17766
1279,17437
1279,17436
1280,17949
1280,9867
1280,7637
1281,19489
1281,9310
1281,7981
1282,13212
1282,12449
1282,1240
1283,14891
1283,12522
1283,3484
1284,21065
1284,15292
1284,7323
1285,16654
1285,16269
1285,4590
1286,21805
1286,16839
1286,16535
1287,18587
1287,16458
1287,15033
1288,18131
1288,17164
1288,2013
1289,20260
1289,18530
1289,17581
1290,20998
1290,12803
1290,8239
1291,19085
1291,17829
1291,6555
1292,21178
1292,18602
1292,9476
1293,14264
1293,8344
1293,6271
1294,14247
1294,11988
1294,6262
1295,12447
1295,8464
1295,6405
1296,21566
1296,17203
1296,16598
1297,13309
1297,5270
1297,1343
1298,19922
1298,8455
1298,1400
1299,21991
1299,14223
1299,13488
1300,17881
1300,16763
1300,7620
1301,6494
1301,5233
1301,1653
1302,19589
1302,11183
1302,6944
1303,16173
1303,7438
1303,4225
1304,10473
1304,9708
1304,6917
1305,19775
1305,8409
1305,2558
1306,16837
1306,4544
1306,2791
1307,21644
1307,19092
1307,12437
1308,12032
1308,6000
1308,3677
1309,19229
1309,15127
1309,1204
1310,7846
1310,6837
1310,916
1311,14760
1311,4793
1311,879
1312,13694
1312,5689
1312,3711
1313,11025
1313,9877
1313,7836
1314,10168
1314,8145
1314,4647
1315,21112
1315,20251
1315,4619
1316,13912
1316,8606
1316,5930
1317,20506
1317,15355
1317,9408
1318,21110
1318,13730
1318,6171
1319,6238
1319,2313
1319,96
1320,21571
1320,3576
1320,884
1321,15062
1321,5103
1321,1143
1322,8133
1322,6626
1322,2144
1323,15270
1323,5250
1323,1316
1324,8883
1324,918
1324,912
1325,19703
1325,10508
1325,4460
1326,7525
1326,4110
1326,1553
1327,18601
1327,4739
1327,768
1328,18151
1328,17184
1328,16317
1329,18601
1329,14443
1329,12797
1330,14443
1330,12797
1330,2830
1331,18198
1331,17383
1331,17380
1331,16199
1331,260
1332,12781
1332,820
1332,806
1333,12222
1333,7686
1333,5666
1334,19791
1334,8618
1334,8617
1334,645
1335,18576
1335,17516
1335,4989
1336,12595
1336,12347
1336,11951
1337,13821
1337,11039
1337,1143
1338,18485
1338,17543
1338,16455
1339,17974
1339,11304
1339,4418
1340,10469
1340,8497
1340,8496
1341,17230
1341,16778
1341,13431
1342,21065
1342,9327
1342,7323
1343,14125
1343,5695
1343,83
1344,21729
1344,20767
1344,16450
1345,20145
1345,14257
1345,256
1346,18704
1346,10885
1346,3431
1347,17503
1347,16412
1347,12431
1348,21432
1348,12647
1348,12646
1349,19976
1349,12191
1349,4659
1350,18611
1350,12557
1350,2557
1351,19691
1351,13775
1351,1904
1352,5798
1352,5070
1352,4123
1353,12867
1353,12866
1353,10806
1354,18863
1354,18778
1354,17577
1355,8536
1355,6466
1355,559
1356,11521
1356,11269
1356,9287
1357,12207
1357,10675
1357,8708
1358,20388
1358,18561
1358,9664
1359,13460
1359,9532
1359,1903
1360,6332
1360,4911
1360,994
1361,21132
1361,17749
1361,9914
1362,18484
1362,17388
1362,14646
1363,11757
1363,11756
1363,7758
1364,19691
1364,15809
1364,1904
1365,18372
1365,16184
1365,5431
1366,21150
1366,7997
1366,5955
1367,12146
1367,9677
1367,5637
1368,17063
1368,13603
1368,12442
1369,14864
1369,14291
1369,14290
1370,21598
1370,5172
1370,3222
1371,11379
1371,6907
1371,737
1372,5299
1372,3891
1372,151
1373,21855
1373,13397
1373,5806
1374,8587
1374,2977
1374,977
1375,6691
1375,6690
1375,19334
1376,15793
1376,15433
1376,3409
1377,12161
1377,11802
1377,4401
1378,16086
1378,15801
1378,12464
1379,15528
1379,8132
1379,5550
1379,5544
1380,20890
1380,13565
1380,9622
1381,10790
1381,6801
1381,872
1382,21799
1382,12595
1382,1978
1383,9286
1383,4922
1383,1680
1384,15299
1384,15294
1384,1341
1385,17914
1385,17862
1385,17536
1386,21296
1386,17060
1386,16760
1387,16050
1387,5044
1387,2119
1388,18659
1388,6674
1388,3049
1389,21108
1389,19838
1389,5375
1390,18269
1390,16162
1390,15530
1391,10887
1391,4885
1391,2976
1392,20274
1392,8472
1392,4380
1393,17763
1393,17130
1393,16923
1394,19580
1394,13530
1394,10851
1395,13470
1395,9254
1395,5443
1396,13905
1396,2438
1396,2200
1397,20805
1397,19113
1397,3543
1398,10620
1398,8651
1398,4586
1399,18707
1399,12744
1399,6438
1400,18727
1400,3051
1400,1171
1401,20660
1401,12601
1401,2600
1402,20183
1402,19174
1402,10190
1403,15519
1403,14077
1403,585
1404,18622
1404,12267
1404,363
1405,21423
1405,14894
1405,2620
1406,18821
1406,16894
1406,12301
1407,21856
1407,5414
1407,15408
1408,20253
1408,18494
1408,9829
1409,20511
1409,19374
1409,13423
1410,21936
1410,10489
1410,768
1411,15390
1411,1447
1411,68
1412,21099
1412,17085
1412,16818
1413,14668
1413,8826
1413,2788
1414,19704
1414,16723
1414,2485
1415,10392
1415,6344
1415,2427
1416,13261
1416,7392
1416,2035
1417,21251
1417,16356
1417,7248
1418,8810
1418,6759
1418,4752
1419,20145
1419,14257
1419,256
1420,12305
1420,10308
1420,6261
1421,16837
1421,14080
1421,4544
1422,20879
1422,6271
1422,2010
1423,9727
1423,8170
1423,7699
1424,14148
1424,8192
1424,2225
1425,14644
1425,9063
1425,2754
1426,14635
1426,10692
1426,6690
1427,18907
1427,16928
1427,7122
1428,18991
1428,14824
1428,14599
1429,10529
1429,10087
1429,4048
1430,15354
1430,11656
1430,3393
1431,12354
1431,9649
1431,6315
1432,19392
1432,15580
1432,3955
1433,19691
1433,15809
1433,1904
1434,11053
1434,6705
1434,6454
1435,20813
1435,7324
1435,3328
1436,19629
1436,13325
1436,5339
1437,19402
1437,11708
1437,11704
1438,7441
1438,5421
1438,1841
1439,21585
1439,19654
1439,1636
1440,12635
1440,6594
1440,669
1441,21481
1441,15284
1441,1328
1442,20337
1442,18397
1442,14327
1443,12276
1443,8302
1443,6237
1444,13373
1444,6691
1444,6690
1445,13373
1445,9063
1445,768
1446,21637
1446,20034
1446,11980
1447,16347
1447,8947
1447,8941
1448,13444
1448,7902
1448,5189
1449,14276
1449,12000
1449,420
1450,20772
1450,15245
1450,3290
1451,21565
1451,14173
1451,4719
1452,12047
1452,10066
1452,10064
1453,19451
1453,17237
1453,17234
1454,21446
1454,21423
1454,10760
1455,17224
1455,16409
1455,14080
1456,20054
1456,18231
1456,13392
1457,19172
1457,8346
1457,2016
1458,20580
1458,16055
1458,15457
1459,20526
1459,19650
1459,12118
1460,20377
1460,14620
1460,14498
1461,15748
1461,13751
1461,3780
1462,6818
1462,17412
1462,16833
1463,10238
1463,8244
1463,2808
1464,12216
1464,4659
1464,4204
1465,20564
1465,6802
1465,2872
1466,15575
1466,13592
1466,11641
1467,11532
1467,6088
1467,5507
1468,10254
1468,9996
1468,672
1469,9245
1469,1627
1469,1278
1470,16017
1470,14035
1470,6054
1471,20758
1471,13158
1471,1177
1472,21014
1472,15471
1472,2966
1473,15187
1473,3250
1473,3248
1474,14224
1474,14215
1474,3961
1475,12654
1475,8650
1475,2678
1476,19321
1476,11083
1476,1124
1477,12399
1477,8420
1477,2432
1478,19193
1478,15680
1478,1766
1479,14308
1479,10478
1479,5342
1480,9124
1480,8805
1480,1459
1481,16118
1481,12072
1481,4162
1482,6504
1482,6503
1482,2551
1483,21406
1483,7546
1483,5531
1484,21490
1484,16085
1484,15558
1485,3353
1485,1375
1485,166
1486,13414
1486,11438
1486,5421
1487,3576
1487,3573
1487,888
1488,8921
1488,5389
1488,57
1489,4461
1489,17080
1489,2077
1490,19560
1490,6691
1490,6690
1491,18601
1491,10489
1491,768
1492,18601
1492,10489
1492,768
1493,19053
1493,11392
1493,6377
1494,13373
1494,9063
1494,6691
1494,6690
1495,17886
1495,16962
1495,12521
1496,20035
1496,16727
1496,2306
1497,9812
1497,8471
1497,652
1498,19352
1498,18777
1498,5234
1499,21803
1499,17731
1499,4637
1500,18564
1500,17007
1500,16888
1501,18710
1501,14673
1501,8772
1502,14348
1502,13545
1502,4616
1503,17060
1503,16761
1503,2013
1504,8885
1504,4817
1504,4813
1505,16360
1505,12090
1505,4082
1506,17571
1506,17249
1506,16666
1507,14635
1507,6690
1507,760
1508,19791
1508,19514
1508,8617
1509,9332
1509,5274
1509,984
1510,19042
1510,12626
1510,2634
1511,8612
1511,4519
1511,4517
1512,20844
1512,19684
1512,7334
1513,7556
1513,1592
1513,1591
1514,21421
1514,15305
1514,2182
1515,7458
1515,5364
1515,2097
1516,8869
1516,6820
1516,4792
1517,9987
1517,9974
1517,4259
1517,579
1518,15579
1518,7208
1518,7207
1519,20211
1519,13420
1519,7446
1520,8559
1520,4864
1520,958
1521,16750
1521,5427
1521,5421
1522,21029
1522,12999
1522,1025
1523,19003
1523,8735
1523,2750
1524,8725
1524,6691
1524,6690
1525,14455
1525,6502
1525,4462
1526,18821
1526,18187
1526,18186
1527,21905
1527,7691
1527,5049
1528,18454
1528,18451
1528,16916
1529,20353
1529,13872
1529,1441
1530,19143
1530,16938
1530,16401
1531,17433
1531,16547
1531,16546
1532,21933
1532,14949
1532,11013
1533,21223
1533,17873
1533,289
1534,7056
1534,5038
1534,1090
1535,20296
1535,18999
1535,18605
1536,16040
1536,12098
1536,6075
1537,19303
1537,9329
1537,8170
1538,10137
1538,6084
1538,4103
1539,14722
1539,4756
1539,4754
1540,13261
1540,2035
1540,1904
1541,21932
1541,5791
1541,872
1542,12389
1542,10127
1542,7371
1543,12368
1543,10366
1543,8392
1544,21467
1544,13194
1544,13192
1545,21374
1545,18190
1545,13698
1546,14674
1546,4718
1546,2802
1547,13133
1547,9935
1547,4788
1548,20194
1548,9245
1548,3266
1549,21544
1549,12526
1549,10491
1550,11326
1550,5302
1550,3348
1551,7854
1551,6893
1551,4875
1552,16007
1552,9156
1552,1193
1553,15844
1553,15119
1553,7170
1554,21139
1554,10435
1554,3201
1555,16608
1555,16333
1555,820
1556,15906
1556,5986
1556,1550
1557,11566
1557,7557
1557,485
1558,12852
1558,12363
1558,4508
1559,18207
1559,16655
1559,14553
1560,19963
1560,19669
1560,13704
1560,3823
1561,17302
1561,17048
1561,6235
1562,14117
1562,12169
1562,2203
1563,11776
1563,8362
1563,430
1564,8934
1564,6914
1564,6913
1565,15107
1565,11141
1565,5126
1566,19851
1566,12833
1566,4357
1567,20252
1567,15736
1567,1816
1568,21036
1568,17960
1568,8360
1569,21393
1569,19032
1569,1025
1570,19039
1570,14952
1570,4373
1571,10869
1571,6998
1571,4739
1572,12181
1572,10209
1572,2018
1573,13416
1573,9467
1573,5415
1574,2872
1574,2868
1574,2867
1575,18440
1575,11018
1575,819
1576,2422
1576,1879
1576,460
1577,21525
1577,13540
1577,7565
1578,3324
1578,3323
1578,210
1579,16051
1579,16050
1579,11460
1580,18708
1580,21232
1580,201
1581,16040
1581,12098
1581,6075
1582,19841
1582,9938
1582,943
1583,15144
1583,13928
1583,2278
1584,14059
1584,11475
1584,7472
1585,18601
1585,10489
1585,5666
1586,18601
1586,12797
1586,2830
1587,17657
1587,4025
1587,3918
1588,16071
1588,12416
1588,7506
1589,20790
1589,7435
1589,2645
1590,16047
1590,12104
1590,8117
1591,17447
1591,15142
1591,3205
1592,16658
1592,267
1592,242
1593,15811
1593,15809
1593,1904
1594,14395
1594,8486
1594,526
1595,15389
1595,14395
1595,13390
1596,20220
1596,15481
1596,15478
1597,20319
1597,11856
1597,11855
1598,8345
1598,5982
1598,17350
1599,19524
1599,10498
1599,692
1600,16617
1600,6444
1600,1749
1601,20217
1601,5742
1601,5497
1602,19807
1602,16202
1602,10608
1603,20826
1603,17897
1603,11738
1604,21410
1604,12792
1604,7917
1605,18465
1605,14687
1605,286
1606,21607
1606,18788
1606,18687
1607,20671
1607,13172
1607,10701
1608,21348
1608,11490
1608,7259
1609,10471
1609,8506
1609,2509
1610,13626
1610,10450
1610,4489
1611,20417
1611,12696
1611,10670
1612,20599
1612,18036
1612,16808
1613,17218
1613,7732
1613,3709
1614,11350
1614,8880
1614,6431
1615,12973
1615,5036
1615,3116
1616,18945
1616,12494
1616,556
1617,22068
1617,8735
1617,2748
1618,6364
1618,17772
1618,16780
1619,9585
1619,5553
1619,2144
1620,12510
1620,4434
1620,558
1621,18546
1621,17885
1621,16058
1622,22055
1622,21509
1622,7134
1623,6593
1623,6592
1623,4556
1624,17199
1624,13060
1624,5013
1625,14757
1625,6831
1625,884
1626,20150
1626,13619
1626,3031
1627,7402
1627,3417
1627,1427
1628,14270
1628,8348
1628,6288
1629,18601
1629,12521
1629,10489
1630,14811
1630,10852
1630,4836
1631,20757
1631,15098
1631,6556
1632,20070
1632,14491
1632,626
1633,20778
1633,19554
1633,998
1634,12593
1634,6538
1634,1978
1635,20243
1635,13127
1635,12614
1636,19715
1636,17302
1636,17048
1637,17529
1637,17247
1637,1270
1638,17989
1638,17317
1638,17028
1639,12425
1639,10783
1639,6392
1640,11549
1640,9564
1640,15488
1641,15009
1641,13084
1641,11044
1642,20299
1642,18433
1642,11061
1643,14210
1643,10259
1643,6221
1643,4703
1644,12900
1644,3990
1644,1878
1645,16177
1645,12886
1645,10392
1646,16851
1646,13032
1646,9034
1647,17232
1647,16392
1647,1546
1648,19647
1648,16901
1648,1547
1649,18730
1649,14883
1649,6952
1650,13201
1650,11230
1650,5207
1651,21822
1651,13804
1651,9729
1652,22001
1652,14384
1652,13769
1653,15562
1653,7612
1653,1649
1654,13416
1654,9467
1654,5415
1655,12360
1655,10361
1655,2391
1656,14169
1656,4711
1656,4209
1657,17845
1657,17517
1657,16332
1658,11963
1658,5645
1658,2501
1659,21263
1659,18880
1659,7168
1660,15139
1660,13191
1660,11172
1661,21507
1661,20005
1661,18762
1662,17072
1662,4463
1662,1123
1663,21814
1663,10771
1663,6777
1664,21419
1664,9877
1664,8408
1665,5202
1665,4840
1665,3132
1666,18150
1666,14180
1666,6194
1667,14278
1667,12002
1667,422
1668,19552
1668,12656
1668,686
1669,19193
1669,16118
1669,15680
1670,18014
1670,17069
1670,13936
1670,1900
1671,20794
1671,19639
1671,4104
1672,19690
1672,9027
1672,4988
1673,21478
1673,13279
1673,6029
1674,19094
1674,18342
1674,17924
1675,18601
1675,11421
1675,768
1676,19334
1676,16333
1676,9288
1677,19560
1677,6691
1677,6690
1678,9063
1678,6691
1678,6690
1679,18601
1679,12797
1679,10489
1680,19334
1680,14699
1680,14691
1681,21603
1681,20776
1681,1331
1682,12588
1682,12347
1682,625
1683,15523
1683,1604
1683,744
1684,17948
1684,17291
1684,16957
1685,21644
1685,16790
1685,7925
1686,20038
1686,19462
1686,16123
1687,18485
1687,18181
1687,17543
1687,16211
1688,9336
1688,7329
1688,1349
1689,17875
1689,292
1689,289
1690,13933
1690,4226
1690,2047
1691,18252
1691,17878
1691,15568
1692,11687
1692,18095
1692,26
1693,19415
1693,18880
1693,17805
1694,20397
1694,11026
1694,3793
1695,17603
1695,17274
1695,14272
1696,20035
1696,16364
1696,15923
1697,21667
1697,17911
1697,16578
1698,17477
1698,17173
1698,16294
1699,20801
1699,17898
1699,17103
1700,21099
1700,17085
1700,1722
1701,19647
1701,18549
1701,3532
1702,17898
1702,16823
1702,16518
1703,17701
1703,16187
1703,6818
1704,16231
1704,16201
1704,9119
1705,14645
1705,4676
1705,2758
1706,19735
1706,17093
1706,17026
1707,19521
1707,18347
1707,16269
1708,17726
1708,16651
1708,16226
1709,21093
1709,18038
1709,17392
1710,20038
1710,19462
1710,3956
1711,20219
1711,17875
1711,289
1712,18007
1712,17798
1712,5722
1713,21093
1713,17122
1713,10612
1714,18512
1714,18488
1714,16392
1715,20591
1715,8485
1715,7140
1716,9715
1716,17712
1716,17396
1717,17261
1717,17075
1717,16383
1717,228
1718,8845
1718,4780
1718,867
1719,15297
1719,11293
1719,3589
1720,20799
1720,20522
1720,19380
1721,17766
1721,17437
1721,17436
1722,17707
1722,16213
1722,3679
1723,17766
1723,17437
1723,17436
1724,21393
1724,14416
1724,11722
1725,21637
1725,9399
1725,9398
1726,18463
1726,16332
1726,16331
1727,21943
1727,14918
1727,2899
1728,12561
1728,12125
1728,10151
1729,12866
1729,10806
1729,2880
1730,12211
1730,6697
1730,4670
1731,6824
1731,1576
1731,1166
1732,15702
1732,5720
1732,5719
1733,21812
1733,17687
1733,13412
1734,14183
1734,4397
1734,4394
1735,20342
1735,10326
1735,6860
1736,17452
1736,16442
1736,5824
1737,21662
1737,10255
1737,372
1738,20132
1738,20007
1738,12859
1739,14092
1739,5607
1739,1663
1740,7975
1740,18028
1740,17376
1741,17502
1741,8736
1741,2751
1742,15527
1742,14323
1742,5555
1743,4961
1743,4036
1743,2063
1744,11712
1744,5686
1744,2205
1745,17211
1745,16613
1745,6423
1746,16729
1746,16093
1746,8156
1747,6235
1747,17302
1747,4166
1748,17507
1748,5383
1748,1439
1749,13731
1749,8433
1749,483
1750,19725
1750,12372
1750,1954
1751,20117
1751,4201
1751,2751
1752,18020
1752,17695
1752,10391
1753,18340
1753,16998
1753,16220
1754,21393
1754,15090
1754,11707
1755,13773
1755,9870
1755,1831
1756,14401
1756,9956
1756,4403
1757,20342
1757,12032
1757,6402
1758,13845
1758,9789
1758,7113
1759,19691
1759,13261
1759,1904
1760,18398
1760,18297
1760,16579
1761,12647
1761,12646
1761,4576
1762,19369
1762,16029
1762,5368
1763,21094
1763,20752
1763,10969
1764,15809
1764,13775
1764,1904
1765,14204
1765,14203
1765,6217
1766,19279
1766,5888
1766,4204
1767,4882
1767,10405
1767,1832
1768,21425
1768,15860
1768,7940
1769,20856
1769,10217
1769,2244
1770,14557
1770,12633
1770,2655
1771,17188
1771,16912
1771,15884
1772,10590
1772,7233
1772,18154
1773,21638
1773,20276
1773,6527
1774,18402
1774,17453
1774,17449
1775,12899
1775,934
1775,450
1776,16437
1776,15489
1776,13179
1777,19260
1777,17901
1777,3750
1778,12777
1778,4304
1778,13002
1779,10692
1779,9712
1779,760
1780,18485
1780,18181
1780,17543
1780,16211
1781,4397
1781,4394
1781,827
1782,20422
1782,14112
1782,10194
1783,21575
1783,20117
1783,19124
1784,14395
1784,11403
1784,4395
1785,20035
1785,2306
1785,8
1786,13305
1786,10531
1786,5074
1787,17878
1787,15568
1787,9644
1788,7709
1788,4539
1788,1732
1789,18845
1789,11778
1789,5744
1790,17538
1790,2260
1790,19800
1791,19538
1791,16870
1791,16560
1792,10466
1792,8494
1792,6445
1793,11710
1793,9737
1793,7712
1794,21765
1794,21638
1794,20276
1795,15985
1795,10073
1795,2063
1796,14540
1796,6590
1796,6587
1797,15985
1797,6004
1797,2063
1798,20145
1798,19797
1798,5653
1799,17766
1799,17765
1799,17436
1800,20481
1800,18482
1800,17261
1801,17878
1801,15568
1801,9644
1802,14924
1802,9095
1802,3105
1803,6872
1803,4853
1803,2941
1804,20795
1804,14112
1804,7948
1805,15541
1805,11591
1805,9612
1806,21593
1806,16932
1806,7161
1807,11451
1807,6917
1807,1483
1808,19188
1808,16727
1808,4116
1809,21955
1809,16909
1809,9064
1810,16152
1810,6172
1810,577
1811,11111
1811,7920
1811,1143
1812,12857
1812,12366
1812,6324
1813,17215
1813,3253
1813,1607
1814,12532
1814,6497
1814,203
1815,17571
1815,17249
1815,16666
1816,17188
1816,16912
1816,15884
1817,21296
1817,18425
1817,16760
1818,15809
1818,11206
1818,1904
1819,20281
1819,12901
1819,8929
1820,12560
1820,11361
1820,11170
1821,10712
1821,10711
1821,9473
1822,18321
1822,16798
1822,8546
1823,21772
1823,8996
1823,8449
1823,1404
1824,15224
1824,14224
1824,2324
1825,7034
1825,16112
1825,13685
1826,20276
1826,16724
1826,7504
1827,12586
1827,2579
1827,2578
1828,17452
1828,16442
1828,14666
1829,19353
1829,9286
1829,1305
1830,21428
1830,18953
1830,10424
1831,14644
1831,10754
1831,2754
1832,13396
1832,2380
1832,432
1833,19652
1833,9342
1833,5542
1834,18463
1834,16494
1834,16331
1835,21720
1835,5151
1835,1934
1836,14217
1836,9493
1836,3495
1837,13677
1837,11433
1837,7433
1838,17554
1838,16729
1838,15600
1839,21955
1839,16909
1839,9064
1840,15078
1840,2223
1840,184
1841,18623
1841,2327
1841,2326
1842,21575
1842,19694
1842,3662
1843,14851
1843,8939
1843,4900
1844,20809
1844,13544
1844,1597
1845,19403
1845,16106
1845,185
1846,14504
1846,6545
1846,632
1847,19546
1847,18413
1847,16486
1848,12979
1848,7504
1848,3523
1849,20795
1849,4105
1849,2202
1850,17488
1850,6903
1850,4883
1850,4882
1851,13348
1851,12453
1851,7385
1852,21688
1852,21560
1852,12711
1853,21729
1853,20767
1853,16450
1854,12358
1854,10356
1854,6317
1855,21794
1855,17687
1855,12474
1856,21637
1856,17347
1856,9399
1857,18252
1857,17878
1857,15568
1858,21268
1858,13518
1858,10840
1859,21765
1859,21638
1859,20276
1860,18620
1860,5560
1860,2959
1861,18357
1861,11148
1861,6115
1862,20516
1862,9497
1862,7472
1863,21325
1863,8814
1863,6774
1864,21852
1864,21612
1864,12322
1865,13731
1865,8433
1865,483
1866,14359
1866,9388
1866,3606
1867,19401
1867,19124
1867,7704
1867,7015
1868,13627
1868,5651
1868,4494
1869,15515
1869,10527
1869,8591
1870,12881
1870,8883
1870,2898
1871,14876
1871,4217
1871,2802
1872,12366
1872,7997
1872,6324
1873,15364
1873,9534
1873,8945
1874,16326
1874,14194
1874,10701
1875,13348
1875,9386
1875,3369
1876,21640
1876,18891
1876,15098
1877,4572
1877,2927
1877,946
1878,11365
1878,8347
1878,6285
1879,9989
1879,7976
1879,622
1880,17878
1880,15568
1880,9644
1881,13703
1881,10893
1881,10891
1881,8934
1881,6913
1882,12726
1882,10854
1882,5842
1883,19123
1883,15051
1883,11890
1883,5518
1884,17578
1884,16980
1884,16001
1885,2010
1885,19216
1885,4281
1886,21417
1886,17807
1886,16776
1887,15667
1887,3720
1887,3716
1888,6730
1888,6729
1888,4209
1889,7895
1889,20029
1889,17501
1890,19573
1890,13662
1890,6397
1891,19706
1891,15304
1891,3329
1892,19691
1892,13777
1892,1904
1893,13149
1893,11120
1893,1158
1894,14802
1894,12345
1894,3978
1895,7660
1895,7548
1895,1298
1896,18833
1896,10450
1896,8481
1897,16042
1897,11444
1897,5422
1898,20290
1898,16040
1898,10123
1899,20831
1899,5458
1899,3750
1900,21503
1900,14082
1900,14079
1900,13771
1901,19206
1901,10882
1901,8929
1902,16360
1902,8123
1902,1536
1903,10674
1903,10218
1903,6173
1904,20198
1904,15684
1904,7744
1905,11801
1905,8191
1905,7800
1906,12445
1906,12366
1906,6324
1907,14428
1907,12500
1907,10481
1908,8694
1908,20111
1908,4634
1909,15273
1909,11284
1909,1674
1910,9558
1910,7536
1910,5522
1911,18601
1911,10747
1911,768
1912,7686
1912,4739
1912,768
1913,10489
1913,7686
1913,5666
1914,12222
1914,7686
1914,5666
1915,10106
1915,3421
1915,2096
1916,16832
1916,10813
1916,10812
1917,21897
1917,14149
1917,13544
1918,15809
1918,7942
1918,1904
1919,6453
1919,4417
1919,543
1920,18542
1920,17247
1920,13431
1921,21398
1921,10301
1921,4269
1922,20240
1922,19216
1922,14265
1923,10960
1923,10958
1923,8998
1924,21227
1924,19550
1924,261
1925,21300
1925,14308
1925,2406
1926,21594
1926,13878
1926,485
1927,14820
1927,4855
1927,951
1928,10795
1928,6806
1928,5439
1929,13262
1929,8263
1929,1245
1930,15375
1930,13378
1930,1434
1931,11214
1931,1258
1931,1257
1932,9095
1932,9016
1932,4979
1933,13855
1933,13159
1933,9138
1934,9578
1934,5537
1934,1584
1935,20275
1935,14762
1935,5916
1936,18140
1936,11295
1936,7302
1937,8500
1937,2891
1937,2881
1938,20726
1938,19138
1938,12904
1939,15089
1939,5124
1939,1713
1940,19790
1940,17513
1940,2612
1941,17384
1941,17380
1941,606
1942,10570
1942,5590
1942,1587
1943,21633
1943,20859
1943,15780
1944,18666
1944,6985
1944,828
1945,16040
1945,13413
1945,6075
1946,20141
1946,3306
1946,1315
1947,19995
1947,14781
1947,5922
1948,19940
1948,15496
1948,4829
1949,20034
1949,17302
1949,17048
1950,19292
1950,18440
1950,12331
1951,21576
1951,20443
1951,10895
1952,7748
1952,1770
1952,1769
1953,13422
1953,11438
1953,5421
1954,15809
1954,1904
1954,528
1955,21221
1955,20238
1955,17185
1956,17084
1956,16815
1956,16214
1957,19902
1957,18173
1957,17570
1958,6818
1958,17412
1958,16833
1959,19283
1959,806
1959,304
1960,12603
1960,11820
1960,2284
1961,8373
1961,3977
1961,2938
1962,13416
1962,9467
1962,5415
1963,14903
1963,6961
1963,1019
1964,21450
1964,14803
1964,12901
1965,20960
1965,17704
1965,14193
1966,10568
1966,6582
1966,656
1967,19166
1967,15854
1967,11942
1968,21511
1968,14466
1968,4030
1969,15906
1969,9311
1969,4231
1970,19338
1970,14540
1970,1597
1971,11725
1971,9809
1971,5881
1972,15541
1972,7581
1972,3593
1973,3155
1973,2945
1973,1139
1974,20574
1974,20285
1974,2018
1975,20586
1975,14129
1975,8180
1976,22001
1976,12761
1976,12093
1977,13329
1977,13020
1977,65
1978,15144
1978,13928
1978,2278
1979,14829
1979,4860
1979,4859
1980,7476
1980,4278
1980,1502
1981,13162
1981,9095
1981,4979
1982,21168
1982,20304
1982,11745
1983,8934
1983,8933
1983,6913
1984,9928
1984,7086
1984,1120
1985,10312
1985,3970
1985,3968
1986,17527
1986,15869
1986,6413
1987,16252
1987,10905
1987,8946
1988,19147
1988,18544
1988,9474
1989,21399
1989,14252
1989,3972
1990,21296
1990,6275
1990,2013
1991,13890
1991,3919
1991,1966
1992,20486
1992,7245
1992,1274
1993,12803
1993,12802
1993,8239
1994,12803
1994,11433
1994,4736
1995,16447
1995,3878
1995,3172
1996,21936
1996,19010
1996,9288
1997,12451
1997,12450
1997,6406
1998,16079
1998,15549
1998,8143
1999,20189
1999,9557
1999,1022
2000,14203
2000,14202
2000,12250
2001,13988
2001,8208
2001,2074
2002,20957
2002,13008
2002,6988
2003,15745
2003,5764
2003,2247
2004,19520
2004,7715
2004,1747
2005,6365
2005,14764
2005,13983
2006,21801
2006,13921
2006,6583
2007,20461
2007,7103
2007,7102
2008,14092
2008,5607
2008,1663
2009,21789
2009,19229
2009,12439
2010,19334
2010,9064
2010,9036
2011,5396
2011,4087
2011,1453
2012,17452
2012,16441
2012,5824
2013,21843
2013,9226
2013,3247
2014,11740
2014,10634
2014,9456
2015,16442
2015,14666
2015,5824
2016,12006
2016,8017
2016,5974
2016,2035
2017,21674
2017,17691
2017,16793
2018,11230
2018,11227
2018,5207
2019,17753
2019,17431
2019,16543
2020,18153
2020,8791
2020,286
2021,18319
2021,17451
2021,17374
2022,18804
2022,15187
2022,11450
2023,10822
2023,10821
2023,6573
2024,18710
2024,6738
2024,792
2025,12664
2025,8667
2025,4602
2026,18648
2026,10550
2026,4528
2027,21020
2027,15977
2027,5837
2028,15426
2028,12891
2028,10048
2029,14035
2029,6054
2029,6052
2030,13167
2030,9152
2030,3893
2031,13484
2031,13476
2031,11503
2032,12367
2032,12075
2032,5339
2033,19398
2033,18679
2033,6556
2034,12701
2034,10675
2034,6674
2035,12094
2035,9228
2035,8104
2036,21551
2036,18470
2036,18155
2037,21543
2037,19773
2037,8519
2038,19243
2038,18723
2038,600
2039,16769
2039,7443
2039,5413
2040,11534
2040,9550
2040,4109
2041,19334
2041,9288
2041,304
2042,19237
2042,14697
2042,13208
2043,21496
2043,11723
2043,1751
2044,19027
2044,11311
2044,5551
2045,15809
2045,1904
2045,528
2046,19982
2046,17529
2046,17247
2047,11919
2047,8524
2047,2524
2048,20715
2048,10489
2048,8788
2049,18630
2049,6345
2049,2428
2050,21912
2050,12990
2050,3095
2051,20442
2051,19554
2051,8772
2052,18863
2052,17577
2052,6286
2053,15546
2053,10806
2053,9630
2053,6397
2054,19944
2054,11613
2054,7601
2055,16342
2055,15107
2055,5126
2056,6556
2056,6200
2056,3063
2057,20033
2057,10293
2057,6243
2058,9496
2058,9262
2058,3490
2059,21629
2059,20247
2059,5734
2060,16442
2060,16441
2060,14666
2061,16591
2061,12245
2061,352
2062,8251
2062,2270
2062,343
2063,13152
2063,6308
2063,3140
2064,12738
2064,6710
2064,6709
2065,11223
2065,9557
2065,2799
2066,19560
2066,6691
2066,6690
2067,18601
2067,12797
2067,2830
2068,16608
2068,14707
2068,6750
2069,21448
2069,5119
2069,127
2070,6538
2070,4496
2070,1978
2071,21325
2071,8814
2071,6774
2072,9737
2072,2204
2072,1742
2073,15479
2073,11539
2073,5514
2074,17803
2074,17058
2074,394
2075,12985
2075,8938
2075,1003
2076,18297
2076,16579
2076,282
2077,19346
2077,13916
2077,3261
2078,3933
2078,3894
2078,68
2079,13974
2079,12023
2079,4000
2080,20626
2080,18134
2080,16295
2081,21936
2081,21935
2081,9288
2082,10869
2082,6998
2082,4739
2083,14539
2083,12618
2083,8624
2084,12266
2084,10951
2084,8987
2085,14128
2085,11745
2085,6140
2086,15453
2086,13480
2086,5479
2087,19054
2087,15104
2087,11143
2088,22025
2088,21854
2088,17263
2089,8653
2089,7048
2089,683
2090,19352
2090,15249
2090,7295
2091,14075
2091,9592
2091,3569
2092,13767
2092,13766
2092,3796
2093,16311
2093,15083
2093,7155
2094,15247
2094,14487
2094,10473
2094,4029
2095,18577
2095,17020
2095,12206
2096,7859
2096,2974
2096,2377
2097,21457
2097,14916
2097,6968
2098,12550
2098,5531
2098,2905
2099,20573
2099,12941
2099,2673
2100,20731
2100,4899
2100,984
2101,15843
2101,9945
2101,3885
2102,11842
2102,10832
2102,4814
2103,14836
2103,2963
2103,2962
2104,12797
2104,6691
2104,6690
2105,12536
2105,10505
2105,5529
2106,8127
2106,4285
2106,1253
2107,15941
2107,8358
2107,4292
2108,19179
2108,8965
2108,3252
2109,21985
2109,19054
2109,4181
2110,17878
2110,15568
2110,9644
2111,18694
2111,8678
2111,704
2112,12785
2112,9288
2112,2821
2113,21933
2113,14949
2113,9288
2114,14644
2114,4733
2114,2829
2115,21933
2115,14949
2115,11013
2116,14495
2116,12600
2116,12589
2117,14557
2117,14555
2117,6592
2118,20621
2118,14307
2118,10371
2119,20314
2119,10622
2119,683
2120,13887
2120,7955
2120,3830
2120,1904
2121,6477
2121,6476
2121,2526
2122,20960
2122,17704
2122,14193
2123,19410
2123,7089
2123,1794
2124,11564
2124,9580
2124,5538
2125,16072
2125,11571
2125,7552
2126,21494
2126,19124
2126,2139
2127,16035
2127,8046
2127,7943
2128,18103
2128,17144
2128,16274
2129,15378
2129,9177
2129,3421
2130,15842
2130,11144
2130,9154
2131,21925
2131,5395
2131,3447
2132,7611
2132,7358
2132,33
2133,18883
2133,18827
2133,8990
2134,21789
2134,12439
2134,7185
2135,11897
2135,7144
2135,5125
2136,10723
2136,8756
2136,2787
2137,17384
2137,606
2137,260
2138,18130
2138,17504
2138,15402
2139,5957
2139,4270
2139,101
2140,12412
2140,6965
2140,4943
2141,15006
2141,11048
2141,1096
2142,16723
2142,11938
2142,5920
2143,20998
2143,8239
2143,2257
2144,14691
2144,12785
2144,9288
2145,6754
2145,6753
2145,2754
2146,8538
2146,8537
2146,6470
2147,14228
2147,14227
2147,2887
2148,18905
2148,13800
2148,12025
2149,10785
2149,4784
2149,2872
2150,21343
2150,11679
2150,3811
2151,7338
2151,7337
2151,7336
2152,19230
2152,8414
2152,6407
2153,11954
2153,8984
2153,8598
2154,11211
2154,11210
2154,9210
2155,17864
2155,4509
2155,4318
2156,14545
2156,10570
2156,2642
2157,9577
2157,3557
2157,3556
2158,9027
2158,9026
2158,4988
2159,17900
2159,17899
2159,16653
2160,15758
2160,13761
2160,9858
2161,18220
2161,16196
2161,4087
2162,1314
2162,21115
2162,1830
2163,13417
2163,4094
2163,171
2164,13942
2164,3694
2164,382
2165,21076
2165,20785
2165,10106
2166,18691
2166,6876
2166,2939
2167,17733
2167,14880
2167,2381
2168,15348
2168,11358
2168,5346
2169,13373
2169,6691
2169,6690
2169,768
2170,19560
2170,18637
2170,8725
2170,6691
2171,19334
2171,9064
2171,3691
2172,13373
2172,6691
2172,6690
2173,19334
2173,6691
2173,6690
2174,19334
2174,16333
2174,768
2175,18601
2175,12797
2175,2830
2176,18198
2176,17380
2176,260
2177,14123
2177,11384
2177,36
2178,16360
2178,15473
2178,7428
2179,18387
2179,7121
2179,3436
2180,19893
2180,18826
2180,15030
2181,18252
2181,17878
2181,15568
2182,11740
2182,10634
2182,9456
2183,8637
2183,10973
2183,19859
2184,11689
2184,8166
2184,3689
2185,20790
2185,15407
2185,11419
2185,6075
2186,13583
2186,5593
2186,3614
2187,20589
2187,17878
2187,9644
2188,21432
2188,12647
2188,12646
2189,14722
2189,4756
2189,4754
2190,21661
2190,12758
2190,2310
2191,16173
2191,13088
2191,2269
2192,10942
2192,4934
2192,3144
2192,3016
2193,20823
2193,9730
2193,5682
2194,18384
2194,9124
2194,5101
2195,21560
2195,20114
2195,10684
2196,19484
2196,17366
2196,13072
2197,21628
2197,19129
2197,7744
2198,16112
2198,15665
2198,7034
2199,20395
2199,18138
2199,16845
2200,17201
2200,16196
2200,13713
2201,11698
2201,17198
2201,14474
2202,21765
2202,21638
2202,20276
2203,14635
2203,6690
2203,768
2204,19334
2204,18153
2204,3691
2205,16608
2205,14707
2205,820
2206,14502
2206,4514
2206,1979
2207,14549
2207,14130
2207,5711
2208,5421
2208,3469
2208,3468
2209,18421
2209,18420
2209,17162
2210,19538
2210,16870
2210,16560
2211,14617
2211,12696
2211,4646
2212,13827
2212,6378
2212,4241
2213,21798
2213,19436
2213,14465
2214,22028
2214,14799
2214,6718
2215,21275
2215,16179
2215,8380
2216,20675
2216,16912
2216,15884
2217,20571
2217,19467
2217,6194
2218,17845
2218,17517
2218,16332
2219,6846
2219,6043
2219,245
2220,806
2220,304
2220,286
2221,11340
2221,11097
2221,7100
2222,14701
2222,14686
2222,9288
2223,21098
2223,9713
2223,3541
2224,14701
2224,14686
2224,6745
2225,10107
2225,3424
2225,1420
2226,13149
2226,8667
2226,698
2227,17846
2227,16333
2227,768
2228,19340
2228,15879
2228,3007
2229,14755
2229,10791
2229,2872
2230,19286
2230,12451
2230,12450
2231,17839
2231,15977
2231,5837
2232,13408
2232,5606
2232,3451
2233,16147
2233,12203
2233,4191
2234,21189
2234,16169
2234,8313
2235,19064
2235,11210
2235,9210
2235,7222
2236,11638
2236,11637
2236,3629
2237,21187
2237,20493
2237,1696
2238,21675
2238,18747
2238,15027
2239,21345
2239,16350
2239,326
2240,12510
2240,12376
2240,10032
2241,16499
2241,10582
2241,10579
2242,21989
2242,11417
2242,1475
2243,15144
2243,10003
2243,5941
2244,6509
2244,2557
2244,594
2245,21996
2245,9355
2245,3566
2246,21905
2246,16773
2246,7691
2247,18891
2247,10169
2247,8737
2248,20928
2248,8368
2248,6301
2249,7984
2249,7204
2249,1237
2250,18187
2250,17549
2250,17234
2251,15843
2251,9945
2251,3885
2252,16783
2252,13086
2252,88
2253,11265
2253,11223
2253,1302
2254,14185
2254,12236
2254,345
2255,14015
2255,12464
2255,6033
2256,13563
2256,10424
2256,2968
2257,20424
2257,8356
2257,2755
2258,15740
2258,8795
2258,6573
2259,14834
2259,6382
2259,4899
2260,21109
2260,20247
2260,2211
2261,20289
2261,16092
2261,12025
2262,12116
2262,2632
2262,2025
2263,14903
2263,6961
2263,6960
2264,19564
2264,19007
2264,14656
2265,21530
2265,18698
2265,15387
2266,13318
2266,11472
2266,1616
2267,8534
2267,8533
2267,2527
2268,10644
2268,10639
2268,2642
2269,12367
2269,6246
2269,2003
2270,12717
2270,8735
2270,2750
2271,13148
2271,11120
2271,3169
2272,18782
2272,14657
2272,12417
2273,15273
2273,5255
2273,3306
2274,15144
2274,8262
2274,2278
2275,19662
2275,18827
2275,5644
2276,12760
2276,20489
2276,8758
2277,8133
2277,6626
2277,2144
2278,19505
2278,14379
2278,3119
2279,9063
2279,6691
2279,6690
2280,14635
2280,6691
2280,6690
2281,19703
2281,10508
2281,4460
2282,20446
2282,18470
2282,16615
2283,11704
2283,7709
2283,1739
2284,18558
2284,18557
2284,17234
2285,12171
2285,7349
2285,6659
2286,14955
2286,11670
2286,6045
2287,10315
2287,5966
2287,3967
2288,21886
2288,19168
2288,8353
2288,413
2289,20303
2289,14125
2289,8174
2290,15535
2290,12302
2290,8322
2291,13771
2291,4961
2291,3270
2292,6993
2292,9912
2292,3060
2293,10546
2293,6548
2293,4521
2294,10419
2294,4362
2294,1927
2295,21434
2295,18154
2295,10590
2296,14791
2296,12892
2296,4824
2297,10869
2297,6998
2297,4739
2298,12844
2298,12842
2298,4541
2299,13099
2299,9096
2299,1106
2300,17878
2300,15568
2300,9644
2301,15128
2301,6381
2301,6309
2302,9708
2302,6917
2302,2269
2303,13479
2303,5479
2303,1525
2304,15546
2304,9630
2304,6397
2305,10515
2305,6512
2305,598
2306,18101
2306,16561
2306,16194
2307,16442
2307,16441
2307,5824
2308,17878
2308,15568
2308,9644
2309,20442
2309,13653
2309,7678
2309,6060
2310,21862
2310,21161
2310,16063
2311,20733
2311,19587
2311,14868
2312,6412
2312,4381
2312,3049
2313,20950
2313,15983
2313,12566
2314,20275
2314,14762
2314,5916
2315,9548
2315,7933
2315,2142
2316,15174
2316,7221
2316,7220
2317,15825
2317,12770
2317,2804
2318,13035
2318,5268
2318,5267
2319,16042
2319,7446
2319,3459
2320,19384
2320,10053
2320,6824
2321,16034
2321,12759
2321,4465
2322,12638
2322,8451
2322,7082
2323,17390
2323,16958
2323,16809
2324,20693
2324,18651
2324,6642
2324,2715
2325,21694
2325,806
2325,304
2326,20912
2326,19268
2326,1681
2327,10203
2327,8544
2327,4257
2328,17215
2328,16352
2328,3254
2329,14073
2329,9575
2329,9573
2330,18515
2330,18434
2330,17067
2331,21976
2331,19076
2331,7294
2332,18200
2332,9734
2332,8791
2333,13543
2333,11204
2333,2960
2334,21403
2334,20204
2334,10108
2335,21391
2335,8279
2335,4117
2336,16442
2336,14666
2336,5824
2337,19231
2337,14822
2337,13186
2338,12216
2338,6185
2338,4204
2339,16144
2339,10212
2339,2236
2340,7772
2340,3758
2340,1800
2341,13967
2341,9088
2341,7893
2342,8614
2342,6559
2342,638
2343,10785
2343,4784
2343,1609
2344,14944
2344,6970
2344,4984
2345,15062
2345,15061
2345,1143
2346,17834
2346,9968
2346,4257
2347,19407
2347,7743
2347,2210
2348,16149
2348,12201
2348,4192
2349,18166
2349,14176
2349,2262
2350,21856
2350,14172
2350,8108
2351,20785
2351,12201
2351,3418
2352,21789
2352,17369
2352,1210
2353,13476
2353,9519
2353,3508
2354,18881
2354,15317
2354,9228
2354,5079
2355,9712
2355,6691
2355,6690
2356,11547
2356,11098
2356,5527
2357,15883
2357,12108
2357,10504
2358,20989
2358,18440
2358,2973
2359,18634
2359,9878
2359,7864
2360,17905
2360,12048
2360,7249
2361,21566
2361,18443
2361,2818
2362,18064
2362,17737
2362,17735
2363,21870
2363,18601
2363,14443
2364,17917
2364,17915
2364,16366
2365,19514
2365,8618
2365,4528
2366,17878
2366,15568
2366,9644
2367,22026
2367,15380
2367,15379
2368,15351
2368,11363
2368,7390
2369,20052
2369,18932
2369,4356
2370,18707
2370,18149
2370,16179
2371,10923
2371,6949
2371,1004
2372,14557
2372,11964
2372,666
2373,20709
2373,11927
2373,773
2374,21950
2374,6183
2374,3051
2375,13912
2375,5930
2375,4506
2376,21401
2376,20244
2376,15829
2377,18891
2377,7859
2377,4110
2378,15762
2378,13771
2378,11830
2379,10267
2379,2573
2379,264
2380,10389
2380,10386
2380,4339
2381,15427
2381,3483
2381,3482
2382,17384
2382,6691
2382,6690
2383,20614
2383,10306
2383,4282
2384,17878
2384,15568
2384,9644
2385,7504
2385,3523
2385,2202
2386,16017
2386,14035
2386,6054
2387,20821
2387,19665
2387,9709
2388,21296
2388,16760
2388,2013
2389,20429
2389,18153
2389,16598
2390,14686
2390,9288
2390,2821
2391,21933
2391,14949
2391,11013
2392,15893
2392,13910
2392,11952
2393,15332
2393,12887
2393,10368
2394,13251
2394,7261
2394,5215
2395,12585
2395,6533
2395,2579
2396,18101
2396,16561
2396,16194
2397,13919
2397,10968
2397,10117
2398,21878
2398,19690
2398,16615
2399,17878
2399,15568
2399,9644
2400,21906
2400,12269
2400,8449
2401,20333
2401,4329
2401,4328
2402,18318
2402,17787
2402,16273
2403,21037
2403,8433
2403,1446
2404,20960
2404,17704
2404,16808
2405,8668
2405,1036
2405,1033
2406,12626
2406,6582
2406,659
2406,656
2407,12311
2407,10305
2407,2346
2408,6808
2408,5806
2408,5518
2409,11714
2409,9745
2409,5687
2410,18605
2410,18301
2410,15535
2411,12972
2411,10915
2411,6946
2412,18154
2412,10590
2412,7233
2413,22011
2413,4840
2413,3132
2414,15324
2414,11702
2414,33
2415,13373
2415,6691
2415,6690
2416,14215
2416,6838
2416,5899
2417,16608
2417,14707
2417,6750
2418,20821
2418,7679
2418,1714
2419,20586
2419,11745
2419,1768
2420,7119
2420,18571
2420,13868
2421,18891
2421,10169
2421,8984
2422,15181
2422,8663
2422,1258
2423,21288
2423,12333
2423,7762
2424,21496
2424,15450
2424,1751
2425,21914
2425,16565
2425,10224
2426,17993
2426,17120
2426,3072
2427,11119
2427,1159
2427,1156
2428,21401
2428,8459
2428,8089
2429,14246
2429,11988
2429,6262
2430,21693
2430,19283
2430,805
2431,21936
2431,21935
2431,19010
2432,14644
2432,10754
2432,2754
2433,17845
2433,17517
2433,16332
2434,21933
2434,14949
2434,11013
2435,20419
2435,12701
2435,10675
2436,14635
2436,6182
2436,760
2437,14435
2437,6470
2437,4430
2438,8824
2438,4769
2438,2861
2439,12866
2439,10806
2439,2880
2440,19369
2440,18177
2440,6643
2441,21373
2441,20227
2441,19388
2442,17452
2442,16442
2442,5824
2443,18402
2443,18099
2443,17453
2444,19317
2444,17201
2444,13713
2445,18734
2445,13066
2445,11283
2446,22043
2446,12305
2446,8335
2447,8536
2447,2526
2447,14433
2448,19375
2448,9470
2448,5426
2449,5419
2449,5418
2449,1477
2450,20150
2450,13619
2450,3031
2451,20424
2451,8356
2451,2755
2452,16070
2452,12120
2452,2138
2453,17878
2453,15568
2453,9644
2454,10869
2454,4739
2454,768
2455,17886
2455,16962
2455,14444
2456,11562
2456,9575
2456,9573
2457,18103
2457,17144
2457,16274
2458,17878
2458,15568
2458,9644
2459,7486
2459,5467
2459,1907
2460,20034
2460,12614
2460,2306
2461,13244
2461,13243
2461,7240
2462,22033
2462,14117
2462,8175
2463,5686
2463,2206
2463,2205
2464,7034
2464,13686
2464,269
2465,21734
2465,13406
2465,11332
2466,10392
2466,6344
2466,2427
2467,17204
2467,15908
2467,2808
2468,10813
2468,10812
2468,16832
2469,19597
2469,17121
2469,7000
2470,22058
2470,14525
2470,4534
2471,21693
2471,19283
2471,4728
2472,20125
2472,18152
2472,17846
2473,21936
2473,10754
2473,10489
2474,14437
2474,8536
2474,559
2475,21462
2475,15249
2475,7295
2476,18730
2476,14883
2476,6955
2477,6906
2477,4884
2477,4830
2478,16862
2478,10147
2478,4204
2479,14615
2479,10670
2479,10669
2480,21380
2480,19964
2480,15687
2481,13575
2481,6885
2481,179
2482,20599
2482,18036
2482,16808
2483,21633
2483,11841
2483,7842
2484,5383
2484,3434
2484,3433
2485,13377
2485,10111
2485,8095
2486,21724
2486,17065
2486,4848
2487,19851
2487,4650
2487,2990
2488,11658
2488,5635
2488,1684
2489,21428
2489,15683
2489,14466
2490,18627
2490,2373
2490,420
2491,21068
2491,15322
2491,1361
2492,12125
2492,10151
2492,5544
2493,17561
2493,5666
2493,3691
2494,18601
2494,11421
2494,768
2495,17878
2495,15568
2495,9644
2496,20574
2496,12024
2496,7392
2497,19525
2497,11611
2497,8570
2498,17529
2498,15208
2498,1270
2499,11906
2499,9812
2499,15385
2500,20319
2500,11855
2500,481
2501,10419
2501,4362
2501,1927
2502,16033
2502,16032
2502,2105
2503,20051
2503,7535
2503,5272
2504,20429
2504,18200
2504,17203
2504,16598
2505,17878
2505,15568
2505,9644
2506,12339
2506,10971
2506,10968
2507,7055
2507,5038
2507,1090
2508,21866
2508,11582
2508,3768
2509,11835
2509,5784
2509,1904
2510,11625
2510,11287
2510,1640
2511,21503
2511,16017
2511,13771
2512,11521
2512,11269
2512,6022
2513,20426
2513,4666
2513,1024
2514,10644
2514,6586
2514,4552
2514,2634
2515,9967
2515,3906
2515,554
2516,20309
2516,19977
2516,19976
2517,10729
2517,10727
2517,8235
2518,21688
2518,20114
2518,10680
2519,10602
2519,8655
2519,2668
2520,19129
2520,15683
2520,8177
2521,14555
2521,10584
2521,2660
2522,12397
2522,3324
2522,3323
2523,10365
2523,4321
2523,3766
2524,22029
2524,14111
2524,7426
2525,11068
2525,7072
2525,5372
2526,15693
2526,1195
2526,768
2527,21062
2527,13291
2527,13282
2528,18601
2528,10489
2528,768
2529,8725
2529,6691
2529,16909
2530,19334
2530,9288
2530,768
2531,19976
2531,12191
2531,4659
2532,17697
2532,17384
2532,260
2533,16333
2533,820
2533,304
2534,16640
2534,9664
2534,6898
2535,9869
2535,8810
2535,139
2536,12333
2536,12331
2536,7762
2537,11918
2537,10479
2537,4425
2538,14178
2538,8245
2538,2279
2539,10705
2539,20685
2539,18281
2540,21344
2540,9201
2540,5175
2541,11272
2541,3296
2541,1306
2542,15118
2542,7169
2542,5136
2543,10488
2543,4434
2543,2533
2544,18025
2544,18024
2544,16195
2545,18198
2545,17380
2545,606
2546,16597
2546,9064
2546,5349
2547,6691
2547,6690
2547,19334
2548,19117
2548,18724
2548,1648
2549,20960
2549,17704
2549,14193
2550,15807
2550,7868
2550,3025
2551,4397
2551,4394
2551,1053
2552,18623
2552,8306
2552,2320
2553,6636
2553,6630
2553,2238
